Rank,Title,Runtime,Action,Adventure,Comedy,Drama,War,Music,Animation,History,Horror,Mystery,Thriller,Fantasy,Biography,Crime,Sci.Fi,Family,Sport,Romance,Western,Musical,Rating,Director,Lead,Votes
1,Everything Everywhere All at Once,139,1,1,1,0,0,0,0,0,0,0,0,0,0,0,0,0,0,0,0,0,7.9,Daniel Kwan,Michelle Yeoh,"387,669"
2,The Whale,117,0,0,0,1,0,0,0,0,0,0,0,0,0,0,0,0,0,0,0,0,7.8,Darren Aronofsky,Brendan Fraser,"100,742"
3,All Quiet on the Western Front,148,1,0,0,1,1,0,0,0,0,0,0,0,0,0,0,0,0,0,0,0,7.8,Edward Berger,Felix Kammerer,"176,418"
4,The Banshees of Inisherin,114,0,0,1,1,0,0,0,0,0,0,0,0,0,0,0,0,0,0,0,0,7.7,Martin McDonagh,Colin Farrell,"174,120"
5,Triangle of Sadness,147,0,0,1,1,0,0,0,0,0,0,0,0,0,0,0,0,0,0,0,0,7.4,Ruben Östlund,Thobias Thorwid,"109,386"
6,Women Talking,104,0,0,0,1,0,0,0,0,0,0,0,0,0,0,0,0,0,0,0,0,7,Sarah Polley,Rooney Mara,"23,863"
7,Tár,158,0,0,0,1,0,1,0,0,0,0,0,0,0,0,0,0,0,0,0,0,7.5,Todd Field,Cate Blanchett,"60,640"
8,Puss in Boots: The Last Wish,102,0,1,1,0,0,0,1,0,0,0,0,0,0,0,0,0,0,0,0,0,7.9,Joel Crawford,Antonio Banderas,"102,911"
9,Babylon,189,0,0,1,1,0,0,0,1,0,0,0,0,0,0,0,0,0,0,0,0,7.2,Damien Chazelle,Brad Pitt,"95,157"
10,The Fabelmans,151,0,0,0,1,0,0,0,0,0,0,0,0,0,0,0,0,0,0,0,0,7.6,Steven Spielberg,Michelle Williams,"76,543"
11,Scream,114,0,0,0,0,0,0,0,0,1,1,1,0,0,0,0,0,0,0,0,0,6.3,Matt Bettinelli-Olpin,Neve Campbell,"126,618"
12,Avatar: The Way of Water,192,1,1,0,0,0,0,0,0,0,0,0,1,0,0,0,0,0,0,0,0,7.8,James Cameron,Sam Worthington,"319,541"
13,A Man Called Otto,126,0,0,1,1,0,0,0,0,0,0,0,0,0,0,0,0,0,0,0,0,7.5,Marc Forster,Tom Hanks,"42,944"
14,Top Gun: Maverick,130,1,0,0,1,0,0,0,0,0,0,0,0,0,0,0,0,0,0,0,0,8.3,Joseph Kosinski,Tom Cruise,"551,488"
15,RRR,187,1,1,0,1,0,0,0,0,0,0,0,0,0,0,0,0,0,0,0,0,7.9,S.S. Rajamouli,N.T. Rama Rao Jr.,"142,056"
16,Fall,107,0,0,0,0,0,0,0,0,0,0,1,0,0,0,0,0,0,0,0,0,6.4,Scott Mann,Grace Caroline Currey,"67,557"
17,Elvis,159,0,0,0,1,0,1,0,0,0,0,0,0,1,0,0,0,0,0,0,0,7.3,Baz Luhrmann,Tom Hanks,"196,768"
18,The Unbearable Weight of Massive Talent,107,1,0,1,0,0,0,0,0,0,0,0,0,0,1,0,0,0,0,0,0,7,Tom Gormican,Nicolas Cage,"107,580"
19,Aftersun,102,0,0,0,1,0,0,0,0,0,0,0,0,0,0,0,0,0,0,0,0,7.7,Charlotte Wells,Paul Mescal,"51,100"
20,The Menu,107,0,0,1,0,0,0,0,0,1,0,1,0,0,0,0,0,0,0,0,0,7.2,Mark Mylod,Ralph Fiennes,"271,179"
21,Black Panther: Wakanda Forever,161,1,1,0,1,0,0,0,0,0,0,0,0,0,0,0,0,0,0,0,0,6.8,Ryan Coogler,Letitia Wright,"243,823"
22,X,105,0,0,0,0,0,0,0,0,1,1,1,0,0,0,0,0,0,0,0,0,6.6,Ti West,Mia Goth,"119,842"
23,Bullet Train,127,1,0,1,0,0,0,0,0,0,0,1,0,0,0,0,0,0,0,0,0,7.3,David Leitch,Brad Pitt,"322,075"
24,Shazam!,132,1,1,1,0,0,0,0,0,0,0,0,0,0,0,0,0,0,0,0,0,7,David F. Sandberg,Zachary Levi,"350,417"
25,Glass Onion,139,0,0,1,1,0,0,0,0,0,0,0,0,0,1,0,0,0,0,0,0,7.2,Rian Johnson,Daniel Craig,"364,238"
26,John Wick,101,1,0,0,0,0,0,0,0,0,0,1,0,0,1,0,0,0,0,0,0,7.4,Chad Stahelski,Keanu Reeves,"652,766"
27,The Batman,176,1,0,0,1,0,0,0,0,0,0,0,0,0,1,0,0,0,0,0,0,7.8,Matt Reeves,Robert Pattinson,"683,782"
28,M3GAN,102,0,0,0,0,0,0,0,0,1,0,1,0,0,0,1,0,0,0,0,0,6.4,Gerard Johnstone,Allison Williams,"83,650"
29,Guillermo del Toro's Pinocchio,117,0,0,0,1,0,0,1,0,0,0,0,0,0,0,0,1,0,0,0,0,7.6,Guillermo del Toro,Ewan McGregor,"89,803"
30,Living,102,0,0,0,1,0,0,0,0,0,0,0,0,0,0,0,0,0,0,0,0,7.3,Oliver Hermanus,Bill Nighy,"12,899"
31,Scream 4,111,0,0,1,0,0,0,0,0,1,1,0,0,0,0,0,0,0,0,0,0,6.2,Wes Craven,Neve Campbell,"156,847"
32,The Hunger Games,142,1,1,0,0,0,0,0,0,0,0,0,0,0,0,1,0,0,0,0,0,7.2,Gary Ross,Jennifer Lawrence,"934,023"
33,Creed,133,1,0,0,1,0,0,0,0,0,0,0,0,0,0,0,0,1,0,0,0,7.6,Ryan Coogler,Michael B. Jordan,"288,850"
34,Where the Crawdads Sing,125,0,0,0,1,0,0,0,0,0,1,0,0,0,0,0,0,0,1,0,0,7.2,Olivia Newman,Daisy Edgar-Jones,"87,630"
35,The Quiet Girl,95,0,0,0,1,0,0,0,0,0,0,0,0,0,0,0,0,0,0,0,0,7.7,Colm Bairéad,Carrie Crowley,"9,780"
36,Blonde,167,0,0,0,1,0,0,0,0,0,0,0,0,1,0,0,0,0,1,0,0,5.5,Andrew Dominik,Ana de Armas,"63,391"
37,Once Upon a Time in Hollywood,161,0,0,1,1,0,0,0,0,0,0,0,0,0,0,0,0,0,0,0,0,7.6,Quentin Tarantino,Leonardo DiCaprio,"763,928"
38,Creed II,130,1,0,0,1,0,0,0,0,0,0,0,0,0,0,0,0,1,0,0,0,7.1,Steven Caple Jr.,Michael B. Jordan,"137,465"
39,Close,104,0,0,0,1,0,0,0,0,0,0,0,0,0,0,0,0,0,0,0,0,7.8,Lukas Dhont,Eden Dambrine,"15,654"
40,Don't Worry Darling,123,0,0,0,1,0,0,0,0,0,0,1,0,0,0,0,0,0,0,0,0,6.2,Olivia Wilde,Florence Pugh,"107,924"
41,Marlowe,109,0,0,0,0,0,0,0,0,0,1,1,0,0,1,0,0,0,0,0,0,5.4,Neil Jordan,Liam Neeson,"3,157"
42,Interstellar,169,0,1,0,1,0,0,0,0,0,0,0,0,0,0,1,0,0,0,0,0,8.6,Christopher Nolan,Matthew McConaughey,"1,876,805"
43,This Is Where I Leave You,103,0,0,1,1,0,0,0,0,0,0,0,0,0,0,0,0,0,0,0,0,6.6,Shawn Levy,Jason Bateman,"83,708"
44,Pearl,103,0,0,0,0,0,0,0,0,1,0,0,0,0,0,0,0,0,0,0,0,7,Ti West,Mia Goth,"49,416"
45,Smile,115,0,0,0,0,0,0,0,0,1,1,1,0,0,0,0,0,0,0,0,0,6.6,Parker Finn,Sosie Bacon,"112,631"
46,Harry Potter and the Sorcerer's Stone,152,0,1,0,0,0,0,0,0,0,0,0,1,0,0,0,1,0,0,0,0,7.6,Chris Columbus,Daniel Radcliffe,"800,174"
47,Empire of Light,115,0,0,0,1,0,0,0,0,0,0,0,0,0,0,0,0,0,1,0,0,6.6,Sam Mendes,Olivia Colman,"13,615"
48,Nope,130,0,0,0,0,0,0,0,0,1,1,0,0,0,0,1,0,0,0,0,0,6.8,Jordan Peele,Daniel Kaluuya,"207,365"
49,The Help,146,0,0,0,1,0,0,0,0,0,0,0,0,0,0,0,0,0,0,0,0,8.1,Tate Taylor,Viola Davis,"467,106"
50,John Wick: Chapter 3 - Parabellum,130,1,0,0,0,0,0,0,0,0,0,1,0,0,1,0,0,0,0,0,0,7.4,Chad Stahelski,Keanu Reeves,"357,865"
51,Parasite,132,0,0,0,1,0,0,0,0,0,0,1,0,0,0,0,0,0,0,0,0,8.5,Bong Joon Ho,Song Kang-ho,"833,297"
52,Causeway,94,0,0,0,1,0,0,0,0,0,0,0,0,0,0,0,0,0,0,0,0,6.6,Lila Neugebauer,Jennifer Lawrence,"16,863"
53,To Leslie,119,0,0,0,1,0,0,0,0,0,0,0,0,0,0,0,0,0,0,0,0,7.1,Michael Morris,Andrea Riseborough,"9,007"
54,The Gentlemen,113,1,0,1,0,0,0,0,0,0,0,0,0,0,1,0,0,0,0,0,0,7.8,Guy Ritchie,Matthew McConaughey,"353,202"
55,John Wick: Chapter 2,122,1,0,0,0,0,0,0,0,0,0,1,0,0,1,0,0,0,0,0,0,7.4,Chad Stahelski,Keanu Reeves,"446,732"
56,Black Adam,125,1,1,0,0,0,0,0,0,0,0,0,1,0,0,0,0,0,0,0,0,6.3,Jaume Collet-Serra,Dwayne Johnson,"233,226"
57,Dune,155,1,1,0,1,0,0,0,0,0,0,0,0,0,0,0,0,0,0,0,0,8,Denis Villeneuve,Timothée Chalamet,"657,075"
58,The Pale Blue Eye,128,0,0,0,0,0,0,0,0,1,1,0,0,0,1,0,0,0,0,0,0,6.6,Scott Cooper,Christian Bale,"96,410"
59,The Woman King,135,1,0,0,1,0,0,0,1,0,0,0,0,0,0,0,0,0,0,0,0,6.8,Gina Prince-Bythewood,Viola Davis,"55,919"
60,The Wolf of Wall Street,180,0,0,1,0,0,0,0,0,0,0,0,0,1,1,0,0,0,0,0,0,8.2,Martin Scorsese,Leonardo DiCaprio,"1,441,851"
61,Love,135,0,0,0,1,0,0,0,0,0,0,0,0,0,0,0,0,0,1,0,0,6.1,Gaspar Noé,Aomi Muyock,"61,410"
62,The Lord of the Rings: The Fellowship of the Ring,178,1,1,0,1,0,0,0,0,0,0,0,0,0,0,0,0,0,0,0,0,8.8,Peter Jackson,Elijah Wood,"1,898,780"
63,The Hunger Games: Catching Fire,146,1,1,0,0,0,0,0,0,0,0,0,0,0,0,1,0,0,0,0,0,7.5,Francis Lawrence,Jennifer Lawrence,"676,073"
64,Promising Young Woman,113,0,0,0,1,0,0,0,0,0,1,0,0,0,1,0,0,0,0,0,0,7.5,Emerald Fennell,Carey Mulligan,"182,283"
65,Blade Runner 2049,164,1,0,0,1,0,0,0,0,0,1,0,0,0,0,0,0,0,0,0,0,8,Denis Villeneuve,Harrison Ford,"591,750"
66,Knives Out,130,0,0,1,1,0,0,0,0,0,0,0,0,0,1,0,0,0,0,0,0,7.9,Rian Johnson,Daniel Craig,"715,377"
67,Mrs. Harris Goes to Paris,115,0,0,1,1,0,0,0,0,0,0,0,0,0,0,0,0,0,0,0,0,7.1,Anthony Fabian,Lesley Manville,"16,391"
68,Barbarian,102,0,0,0,0,0,0,0,0,1,1,1,0,0,0,0,0,0,0,0,0,7,Zach Cregger,Georgina Campbell,"138,681"
69,Swiss Army Man,97,0,0,1,1,0,0,0,0,0,0,0,1,0,0,0,0,0,0,0,0,6.9,Daniel Kwan,Paul Dano,"126,433"
70,Avengers: Endgame,181,1,1,0,1,0,0,0,0,0,0,0,0,0,0,0,0,0,0,0,0,8.4,Anthony Russo,Robert Downey Jr.,"1,159,336"
71,Amsterdam,134,0,0,1,1,0,0,0,1,0,0,0,0,0,0,0,0,0,0,0,0,6.1,David O. Russell,Christian Bale,"70,598"
72,Midsommar,148,0,0,0,1,0,0,0,0,1,1,0,0,0,0,0,0,0,0,0,0,7.1,Ari Aster,Florence Pugh,"340,048"
73,Avatar,162,1,1,0,0,0,0,0,0,0,0,0,1,0,0,0,0,0,0,0,0,7.9,James Cameron,Sam Worthington,"1,330,228"
74,Spider-Man: No Way Home,148,1,1,0,0,0,0,0,0,0,0,0,1,0,0,0,0,0,0,0,0,8.2,Jon Watts,Tom Holland,"779,353"
75,Watcher,96,0,0,0,1,0,0,0,0,1,0,1,0,0,0,0,0,0,0,0,0,6.3,Chloe Okuno,Maika Monroe,"29,467"
76,The Departed,151,0,0,0,1,0,0,0,0,0,0,1,0,0,1,0,0,0,0,0,0,8.5,Martin Scorsese,Leonardo DiCaprio,"1,342,736"
77,Black Swan,108,0,0,0,1,0,0,0,0,0,0,1,0,0,0,0,0,0,0,0,0,8,Darren Aronofsky,Natalie Portman,"780,959"
78,The Northman,137,1,1,0,1,0,0,0,0,0,0,0,0,0,0,0,0,0,0,0,0,7.1,Robert Eggers,Alexander Skarsgård,"221,598"
79,"Argentina, 1985",140,0,0,0,1,0,0,0,0,0,0,0,0,1,1,0,0,0,0,0,0,7.6,Santiago Mitre,Ricardo Darín,"23,198"
80,Joker,122,0,0,0,1,0,0,0,0,0,0,1,0,0,1,0,0,0,0,0,0,8.4,Todd Phillips,Joaquin Phoenix,"1,326,218"
81,CODA,111,0,0,1,1,0,1,0,0,0,0,0,0,0,0,0,0,0,0,0,0,8,Sian Heder,Emilia Jones,"141,714"
82,Jurassic World: Dominion,147,1,1,0,0,0,0,0,0,0,0,0,0,0,0,1,0,0,0,0,0,5.6,Colin Trevorrow,Chris Pratt,"177,029"
83,The Hangover,100,0,0,1,0,0,0,0,0,0,0,0,0,0,0,0,0,0,0,0,0,7.7,Todd Phillips,Zach Galifianakis,"799,230"
84,Thor: Love and Thunder,118,1,1,1,0,0,0,0,0,0,0,0,0,0,0,0,0,0,0,0,0,6.3,Taika Waititi,Chris Hemsworth,"352,125"
85,The Lord of the Rings: The Return of the King,201,1,1,0,1,0,0,0,0,0,0,0,0,0,0,0,0,0,0,0,0,9,Peter Jackson,Elijah Wood,"1,869,428"
86,Crazy Rich Asians,120,0,0,1,1,0,0,0,0,0,0,0,0,0,0,0,0,0,1,0,0,6.9,Jon M. Chu,Constance Wu,"177,872"
87,The Magnificent Seven,132,1,1,0,0,0,0,0,0,0,0,0,0,0,0,0,0,0,0,1,0,6.8,Antoine Fuqua,Denzel Washington,"216,314"
88,Marcel the Shell with Shoes On,90,0,0,1,1,0,0,1,0,0,0,0,0,0,0,0,0,0,0,0,0,7.7,Dean Fleischer Camp,Jenny Slate,"15,952"
89,Bodies Bodies Bodies,94,0,0,1,0,0,0,0,0,1,0,1,0,0,0,0,0,0,0,0,0,6.2,Halina Reijn,Amandla Stenberg,"43,482"
90,Inglourious Basterds,153,0,1,0,1,1,0,0,0,0,0,0,0,0,0,0,0,0,0,0,0,8.3,Quentin Tarantino,Brad Pitt,"1,474,030"
91,Black Panther,134,1,1,0,0,0,0,0,0,0,0,0,0,0,0,1,0,0,0,0,0,7.3,Ryan Coogler,Chadwick Boseman,"793,548"
92,Whiplash,106,0,0,0,1,0,1,0,0,0,0,0,0,0,0,0,0,0,0,0,0,8.5,Damien Chazelle,Miles Teller,"887,314"
93,Burlesque,119,0,0,0,1,0,1,0,0,0,0,0,0,0,0,0,0,0,0,0,1,6.4,Steve Antin,Cher,"88,402"
94,Green Book,130,0,0,1,1,0,0,0,0,0,0,0,0,1,0,0,0,0,0,0,0,8.2,Peter Farrelly,Viggo Mortensen,"508,488"
95,The Gray Man,122,1,0,0,0,0,0,0,0,0,0,1,0,0,0,0,0,0,0,0,0,6.5,Anthony Russo,Ryan Gosling,"210,687"
96,Old,108,0,0,0,1,0,0,0,0,1,1,0,0,0,0,0,0,0,0,0,0,5.8,M. Night Shyamalan,Gael García Bernal,"129,315"
97,Get Out,104,0,0,0,0,0,0,0,0,1,1,1,0,0,0,0,0,0,0,0,0,7.7,Jordan Peele,Daniel Kaluuya,"629,880"
98,In Bruges,107,0,0,1,1,0,0,0,0,0,0,0,0,0,1,0,0,0,0,0,0,7.9,Martin McDonagh,Colin Farrell,"440,380"
99,Easy A,92,0,0,1,1,0,0,0,0,0,0,0,0,0,0,0,0,0,1,0,0,7,Will Gluck,Emma Stone,"398,136"
100,Kingsman: The Golden Circle,141,1,1,1,0,0,0,0,0,0,0,0,0,0,0,0,0,0,0,0,0,6.7,Matthew Vaughn,Taron Egerton,"337,990"
101,Fifty Shades of Grey,125,0,0,0,1,0,0,0,0,0,0,1,0,0,0,0,0,0,1,0,0,4.2,Sam Taylor-Johnson,Dakota Johnson,"324,284"
102,EO,88,0,0,0,1,0,0,0,0,0,0,0,0,0,0,0,0,0,0,0,0,6.8,Jerzy Skolimowski,Hola,"8,217"
103,The Bubble,126,0,0,1,0,0,0,0,0,0,0,0,0,0,0,0,0,0,0,0,0,4.7,Judd Apatow,Harry Trevaldwyn,"25,795"
104,Nobody,92,1,0,0,1,0,0,0,0,0,0,0,0,0,1,0,0,0,0,0,0,7.4,Ilya Naishuller,Bob Odenkirk,"267,466"
105,World War Z,116,1,1,0,0,0,0,0,0,1,0,0,0,0,0,0,0,0,0,0,0,7,Marc Forster,Brad Pitt,"680,676"
106,No Country for Old Men,122,0,0,0,1,0,0,0,0,0,0,1,0,0,1,0,0,0,0,0,0,8.2,Ethan Coen,Tommy Lee Jones,"990,317"
107,The Clovehitch Killer,109,0,0,0,1,0,0,0,0,0,1,0,0,0,1,0,0,0,0,0,0,6.5,Duncan Skiles,Dylan McDermott,"30,138"
108,The Hunger Games: Mockingjay - Part 2,137,1,1,0,0,0,0,0,0,0,0,0,0,0,0,1,0,0,0,0,0,6.5,Francis Lawrence,Jennifer Lawrence,"336,931"
109,Django Unchained,165,0,0,0,1,0,0,0,0,0,0,0,0,0,0,0,0,0,0,1,0,8.4,Quentin Tarantino,Jamie Foxx,"1,580,446"
110,The Big Short,130,0,0,1,1,0,0,0,0,0,0,0,0,1,0,0,0,0,0,0,0,7.8,Adam McKay,Christian Bale,"441,490"
111,Prisoners,153,0,0,0,1,0,0,0,0,0,1,0,0,0,1,0,0,0,0,0,0,8.1,Denis Villeneuve,Hugh Jackman,"734,094"
112,The Suicide Squad,132,1,1,1,0,0,0,0,0,0,0,0,0,0,0,0,0,0,0,0,0,7.2,James Gunn,Margot Robbie,"363,457"
113,The Mummy: Tomb of the Dragon Emperor,112,1,1,0,0,0,0,0,0,0,0,0,1,0,0,0,0,0,0,0,0,5.2,Rob Cohen,Brendan Fraser,"164,613"
114,Little Women,135,0,0,0,1,0,0,0,0,0,0,0,0,0,0,0,0,0,1,0,0,7.8,Greta Gerwig,Saoirse Ronan,"214,541"
115,Terrifier 2,138,0,0,0,0,0,0,0,0,1,0,0,0,0,0,0,0,0,0,0,0,6.2,Damien Leone,Lauren LaVera,"30,832"
116,The Hunger Games: Mockingjay - Part 1,123,1,1,0,0,0,0,0,0,0,0,0,0,0,0,1,0,0,0,0,0,6.6,Francis Lawrence,Jennifer Lawrence,"465,492"
117,"Three Billboards Outside Ebbing, Missouri",115,0,0,1,1,0,0,0,0,0,0,0,0,0,1,0,0,0,0,0,0,8.1,Martin McDonagh,Frances McDormand,"519,615"
118,1917,119,1,0,0,1,1,0,0,0,0,0,0,0,0,0,0,0,0,0,0,0,8.2,Sam Mendes,Dean-Charles Chapman,"609,357"
119,Pirates of the Caribbean: The Curse of the Black Pearl,143,1,1,0,0,0,0,0,0,0,0,0,1,0,0,0,0,0,0,0,0,8.1,Gore Verbinski,Johnny Depp,"1,142,671"
120,No Time to Die,163,1,1,0,0,0,0,0,0,0,0,1,0,0,0,0,0,0,0,0,0,7.3,Cary Joji Fukunaga,Daniel Craig,"412,439"
121,Don't Look Up,138,0,0,1,1,0,0,0,0,0,0,0,0,0,0,1,0,0,0,0,0,7.2,Adam McKay,Leonardo DiCaprio,"549,853"
122,The Black Phone,103,0,0,0,0,0,0,0,0,1,0,1,0,0,0,0,0,0,0,0,0,6.9,Scott Derrickson,Mason Thames,"157,553"
123,La La Land,128,0,0,1,1,0,1,0,0,0,0,0,0,0,0,0,0,0,0,0,0,8,Damien Chazelle,Ryan Gosling,"606,084"
124,Mad Max: Fury Road,120,1,1,0,0,0,0,0,0,0,0,0,0,0,0,1,0,0,0,0,0,8.1,George Miller,Tom Hardy,"1,018,974"
125,The Shape of Water,123,0,0,0,1,0,0,0,0,0,0,0,1,0,0,0,0,0,1,0,0,7.3,Guillermo del Toro,Sally Hawkins,"428,506"
126,The Prestige,130,0,0,0,1,0,0,0,0,0,1,0,0,0,0,1,0,0,0,0,0,8.5,Christopher Nolan,Christian Bale,"1,350,875"
127,Hereditary,127,0,0,0,1,0,0,0,0,1,1,0,0,0,0,0,0,0,0,0,0,7.3,Ari Aster,Toni Collette,"332,796"
128,Devotion,139,1,0,0,1,1,0,0,0,0,0,0,0,0,0,0,0,0,0,0,0,6.6,J.D. Dillard,Jonathan Majors,"18,346"
129,Shang-Chi and the Legend of the Ten Rings,132,1,1,0,0,0,0,0,0,0,0,0,1,0,0,0,0,0,0,0,0,7.4,Destin Daniel Cretton,Simu Liu,"394,083"
130,Crash,112,0,0,0,1,0,0,0,0,0,0,1,0,0,1,0,0,0,0,0,0,7.7,Paul Haggis,Don Cheadle,"440,589"
131,Magic Mike,110,0,0,1,1,0,0,0,0,0,0,0,0,0,0,0,0,0,0,0,0,6.1,Steven Soderbergh,Channing Tatum,"142,967"
132,Zack Snyder's Justice League,242,1,1,0,0,0,0,0,0,0,0,0,1,0,0,0,0,0,0,0,0,8,Zack Snyder,Henry Cavill,"406,924"
133,Rocky Balboa,102,1,0,0,1,0,0,0,0,0,0,0,0,0,0,0,0,1,0,0,0,7.1,Sylvester Stallone,Sylvester Stallone,"221,971"
134,Tenet,150,1,0,0,0,0,0,0,0,0,0,1,0,0,0,1,0,0,0,0,0,7.3,Christopher Nolan,John David Washington,"521,383"
135,The Fallout,96,0,0,0,1,0,0,0,0,0,0,0,0,0,0,0,0,0,0,0,0,7,Megan Park,Jenna Ortega,"25,743"
136,Uncharted,116,1,1,0,0,0,0,0,0,0,0,0,0,0,0,0,0,0,0,0,0,6.3,Ruben Fleischer,Tom Holland,"221,461"
137,Thirteen,100,0,0,0,1,0,0,0,0,0,0,0,0,0,0,0,0,0,0,0,0,6.8,Catherine Hardwicke,Evan Rachel Wood,"91,452"
138,Harry Potter and the Goblet of Fire,157,0,1,0,0,0,0,0,0,0,0,0,1,0,0,0,1,0,0,0,0,7.7,Mike Newell,Daniel Radcliffe,"640,449"
139,Mean Girls,97,0,0,1,0,0,0,0,0,0,0,0,0,0,0,0,0,0,0,0,0,7.1,Mark Waters,Lindsay Lohan,"394,224"
140,Encanto,102,0,0,1,0,0,0,1,0,0,0,0,0,0,0,0,1,0,0,0,0,7.2,Jared Bush,Stephanie Beatriz,"231,402"
141,Free Guy,115,1,1,1,0,0,0,0,0,0,0,0,0,0,0,0,0,0,0,0,0,7.1,Shawn Levy,Ryan Reynolds,"381,811"
142,Spring Breakers,94,0,0,0,1,0,0,0,0,0,0,1,0,0,1,0,0,0,0,0,0,5.3,Harmony Korine,Vanessa Hudgens,"144,343"
143,Shotgun Wedding,100,1,0,1,0,0,0,0,0,0,0,0,0,0,0,0,0,0,1,0,0,5.4,Jason Moore,Jennifer Lopez,"27,365"
144,Wonder Woman 1984,151,1,1,0,0,0,0,0,0,0,0,0,1,0,0,0,0,0,0,0,0,5.4,Patty Jenkins,Gal Gadot,"274,882"
145,Pinocchio,105,0,1,1,1,0,0,0,0,0,0,0,0,0,0,0,0,0,0,0,0,5,Robert Zemeckis,Joseph Gordon-Levitt,"37,508"
146,Pride & Prejudice,129,0,0,0,1,0,0,0,0,0,0,0,0,0,0,0,0,0,1,0,0,7.8,Joe Wright,Keira Knightley,"304,196"
147,It,135,0,0,0,0,0,0,0,0,1,0,0,0,0,0,0,0,0,0,0,0,7.3,Andy Muschietti,Bill Skarsgård,"561,355"
148,She Said,129,0,0,0,1,0,0,0,1,0,0,0,0,0,0,0,0,0,0,0,0,7.2,Maria Schrader,Lola Petticrew,"23,748"
149,The Lion King,118,0,1,0,1,0,0,1,0,0,0,0,0,0,0,0,0,0,0,0,0,6.8,Jon Favreau,Donald Glover,"250,612"
150,White Noise,136,0,0,1,1,0,0,0,0,1,0,0,0,0,0,0,0,0,0,0,0,5.7,Noah Baumbach,Adam Driver,"36,038"
151,Catch Me If You Can,141,0,0,0,1,0,0,0,0,0,0,0,0,1,1,0,0,0,0,0,0,8.1,Steven Spielberg,Leonardo DiCaprio,"1,006,011"
152,Doctor Strange in the Multiverse of Madness,126,1,1,0,0,0,0,0,0,0,0,0,1,0,0,0,0,0,0,0,0,6.9,Sam Raimi,Benedict Cumberbatch,"430,372"
153,Jojo Rabbit,108,0,0,1,1,1,0,0,0,0,0,0,0,0,0,0,0,0,0,0,0,7.9,Taika Waititi,Roman Griffin Davis,"403,215"
154,Ford v Ferrari,152,1,0,0,1,0,0,0,0,0,0,0,0,1,0,0,0,0,0,0,0,8.1,James Mangold,Matt Damon,"408,439"
155,Arrival,116,0,0,0,1,0,0,0,0,0,1,0,0,0,0,1,0,0,0,0,0,7.9,Denis Villeneuve,Amy Adams,"709,944"
156,Roald Dahl's Matilda the Musical,117,0,0,1,1,0,0,0,0,0,0,0,0,0,0,0,1,0,0,0,0,7.1,Matthew Warchus,Alisha Weir,"21,155"
157,Suicide Squad,123,1,1,0,0,0,0,0,0,0,0,0,1,0,0,0,0,0,0,0,0,5.9,David Ayer,Will Smith,"694,438"
158,Sicario,121,1,0,0,1,0,0,0,0,0,0,0,0,0,1,0,0,0,0,0,0,7.6,Denis Villeneuve,Emily Blunt,"440,745"
159,Puss in Boots,90,0,1,1,0,0,0,1,0,0,0,0,0,0,0,0,0,0,0,0,0,6.6,Chris Miller,Antonio Banderas,"176,854"
160,Guardians of the Galaxy,121,1,1,1,0,0,0,0,0,0,0,0,0,0,0,0,0,0,0,0,0,8,James Gunn,Chris Pratt,"1,195,588"
161,Turning Red,100,0,1,1,0,0,0,1,0,0,0,0,0,0,0,0,0,0,0,0,0,7,Domee Shi,Rosalie Chiang,"130,341"
162,Sing 2,110,0,1,1,0,0,0,1,0,0,0,0,0,0,0,0,0,0,0,0,0,7.4,Garth Jennings,Matthew McConaughey,"72,968"
163,A Star Is Born,136,0,0,0,1,0,1,0,0,0,0,0,0,0,0,0,0,0,1,0,0,7.6,Bradley Cooper,Lady Gaga,"393,376"
164,Hacksaw Ridge,139,0,0,0,1,0,0,0,1,0,0,0,0,1,0,0,0,0,0,0,0,8.1,Mel Gibson,Andrew Garfield,"540,611"
165,Eternals,156,1,1,0,0,0,0,0,0,0,0,0,1,0,0,0,0,0,0,0,0,6.3,Chloé Zhao,Gemma Chan,"352,108"
166,Ant-Man,117,1,0,1,0,0,0,0,0,0,0,0,0,0,0,1,0,0,0,0,0,7.3,Peyton Reed,Paul Rudd,"684,522"
167,Shutter Island,138,0,0,0,0,0,0,0,0,0,1,1,0,0,0,0,0,0,0,0,0,8.2,Martin Scorsese,Leonardo DiCaprio,"1,342,015"
168,Kick-Ass,117,1,0,1,0,0,0,0,0,0,0,0,0,0,1,0,0,0,0,0,0,7.6,Matthew Vaughn,Aaron Taylor-Johnson,"571,063"
169,Eternal Sunshine of the Spotless Mind,108,0,0,0,1,0,0,0,0,0,0,0,0,0,0,1,0,0,1,0,0,8.3,Michel Gondry,Jim Carrey,"1,022,003"
170,Gone Girl,149,0,0,0,1,0,0,0,0,0,1,1,0,0,0,0,0,0,0,0,0,8.1,David Fincher,Ben Affleck,"998,760"
171,Wrath of Man,119,1,0,0,0,0,0,0,0,0,0,1,0,0,1,0,0,0,0,0,0,7.1,Guy Ritchie,Jason Statham,"185,368"
172,The Greatest Showman,105,0,0,0,1,0,0,0,0,0,0,0,0,1,0,0,0,0,0,0,1,7.5,Michael Gracey,Hugh Jackman,"289,083"
173,Bohemian Rhapsody,134,0,0,0,1,0,1,0,0,0,0,0,0,1,0,0,0,0,0,0,0,7.9,Bryan Singer,Rami Malek,"549,517"
174,Ghostbusters: Afterlife,124,0,1,1,0,0,0,0,0,0,0,0,1,0,0,0,0,0,0,0,0,7.1,Jason Reitman,Carrie Coon,"188,865"
175,Fantastic Beasts: The Secrets of Dumbledore,142,0,1,0,0,0,0,0,0,0,0,0,1,0,0,0,1,0,0,0,0,6.2,David Yates,Eddie Redmayne,"148,872"
176,Godzilla vs. Kong,113,1,0,0,0,0,0,0,0,0,0,1,0,0,0,1,0,0,0,0,0,6.3,Adam Wingard,Alexander Skarsgård,"215,883"
177,The Grand Budapest Hotel,99,0,1,1,0,0,0,0,0,0,0,0,0,0,1,0,0,0,0,0,0,8.1,Wes Anderson,Ralph Fiennes,"826,941"
178,Tusk,102,0,0,1,0,0,0,0,0,1,0,0,0,0,0,0,0,0,0,0,0,5.3,Kevin Smith,Justin Long,"57,363"
179,Paradise Highway,115,0,0,0,0,0,0,0,0,0,0,1,0,0,0,0,0,0,0,0,0,5.6,Anna Gutto,Juliette Binoche,"4,247"
180,R.I.P.D.,96,1,1,1,0,0,0,0,0,0,0,0,0,0,0,0,0,0,0,0,0,5.6,Robert Schwentke,Ryan Reynolds,"138,218"
181,Death on the Nile,127,0,0,0,1,0,0,0,0,0,1,0,0,0,1,0,0,0,0,0,0,6.3,Kenneth Branagh,Tom Bateman,"157,462"
182,The Mummy Returns,130,1,1,0,0,0,0,0,0,0,0,0,1,0,0,0,0,0,0,0,0,6.4,Stephen Sommers,Brendan Fraser,"332,254"
183,Dragged Across Concrete,159,1,0,0,1,0,0,0,0,0,0,0,0,0,1,0,0,0,0,0,0,6.9,S. Craig Zahler,Mel Gibson,"48,770"
184,Weird: The Al Yankovic Story,108,0,0,1,0,0,1,0,0,0,0,0,0,1,0,0,0,0,0,0,0,7,Eric Appel,Diedrich Bader,"27,021"
185,The Dark Knight Rises,164,1,0,0,1,0,0,0,0,0,0,1,0,0,0,0,0,0,0,0,0,8.4,Christopher Nolan,Christian Bale,"1,725,735"
186,Avengers: Infinity War,149,1,1,0,0,0,0,0,0,0,0,0,0,0,0,1,0,0,0,0,0,8.4,Anthony Russo,Robert Downey Jr.,"1,104,740"
187,Harry Potter and the Deathly Hallows: Part 2,130,0,1,0,0,0,0,0,0,0,0,0,1,0,0,0,1,0,0,0,0,8.1,David Yates,Daniel Radcliffe,"891,025"
188,Ready or Not,95,1,0,1,0,0,0,0,0,1,0,0,0,0,0,0,0,0,0,0,0,6.8,Matt Bettinelli-Olpin,Samara Weaving,"159,717"
189,Call Me by Your Name,132,0,0,0,1,0,0,0,0,0,0,0,0,0,0,0,0,0,1,0,0,7.8,Luca Guadagnino,Timothée Chalamet,"283,312"
190,The Great Gatsby,143,0,0,0,1,0,0,0,0,0,0,0,0,0,0,0,0,0,1,0,0,7.2,Baz Luhrmann,Leonardo DiCaprio,"558,650"
191,There Will Be Blood,158,0,0,0,1,0,0,0,0,0,0,0,0,0,0,0,0,0,0,0,0,8.2,Paul Thomas Anderson,Daniel Day-Lewis,"596,386"
192,Superbad,113,0,0,1,0,0,0,0,0,0,0,0,0,0,0,0,0,0,0,0,0,7.6,Greg Mottola,Michael Cera,"593,363"
193,Rogue One: A Star Wars Story,133,1,1,0,0,0,0,0,0,0,0,0,0,0,0,1,0,0,0,0,0,7.8,Gareth Edwards,Felicity Jones,"650,559"
194,Prospect,100,0,1,0,1,0,0,0,0,0,0,0,0,0,0,1,0,0,0,0,0,6.3,Christopher Caldwell,Sophie Thatcher,"29,905"
195,The Count of Monte Cristo,131,1,1,0,1,0,0,0,0,0,0,0,0,0,0,0,0,0,0,0,0,7.7,Kevin Reynolds,Jim Caviezel,"141,150"
196,The Dreamers,115,0,0,0,1,0,0,0,0,0,0,0,0,0,0,0,0,0,1,0,0,7.1,Bernardo Bertolucci,Michael Pitt,"124,859"
197,Emily the Criminal,97,0,0,0,1,0,0,0,0,0,0,1,0,0,1,0,0,0,0,0,0,6.7,John Patton Ford,Aubrey Plaza,"38,237"
198,Oldboy,120,1,0,0,1,0,0,0,0,0,1,0,0,0,0,0,0,0,0,0,0,8.4,Park Chan-wook,Choi Min-sik,"589,332"
199,The Sea Beast,115,0,1,1,0,0,0,1,0,0,0,0,0,0,0,0,0,0,0,0,0,7,Chris Williams,Karl Urban,"49,693"
200,Decision to Leave,139,0,0,0,1,0,0,0,0,0,1,0,0,0,1,0,0,0,0,0,0,7.3,Park Chan-wook,Park Hae-il,"37,427"
201,Ticket to Paradise,104,0,0,1,0,0,0,0,0,0,0,0,0,0,0,0,0,0,1,0,0,6.2,Ol Parker,George Clooney,"43,694"
202,Hidden Figures,127,0,0,0,1,0,0,0,1,0,0,0,0,1,0,0,0,0,0,0,0,7.8,Theodore Melfi,Taraji P. Henson,"237,381"
203,Triple Frontier,125,1,0,0,0,0,0,0,0,0,0,1,0,0,0,0,0,0,0,0,0,6.4,J.C. Chandor,Ben Affleck,"133,635"
204,F9: The Fast Saga,143,1,0,0,0,0,0,0,0,0,0,1,0,0,1,0,0,0,0,0,0,5.2,Justin Lin,Vin Diesel,"138,579"
205,Mother!,121,0,0,0,1,0,0,0,0,1,1,0,0,0,0,0,0,0,0,0,0,6.6,Darren Aronofsky,Jennifer Lawrence,"232,727"
206,The School for Good and Evil,147,1,0,1,1,0,0,0,0,0,0,0,0,0,0,0,0,0,0,0,0,5.8,Paul Feig,Kit Young,"29,874"
207,Spider-Man,121,1,1,0,0,0,0,0,0,0,0,0,0,0,0,1,0,0,0,0,0,7.4,Sam Raimi,Tobey Maguire,"830,015"
208,West Side Story,156,0,0,0,1,0,0,0,0,0,0,0,0,0,1,0,0,0,0,0,1,7.2,Steven Spielberg,Ansel Elgort,"86,784"
209,Jumanji: Welcome to the Jungle,119,1,1,1,0,0,0,0,0,0,0,0,0,0,0,0,0,0,0,0,0,6.9,Jake Kasdan,Dwayne Johnson,"391,208"
210,The Lord of the Rings: The Two Towers,179,1,1,0,1,0,0,0,0,0,0,0,0,0,0,0,0,0,0,0,0,8.8,Peter Jackson,Elijah Wood,"1,687,779"
211,Three Thousand Years of Longing,108,0,0,0,1,0,0,0,0,0,0,0,1,0,0,0,0,0,1,0,0,6.7,George Miller,Tilda Swinton,"40,341"
212,Spider-Man: Into the Spider-Verse,117,1,1,0,0,0,0,1,0,0,0,0,0,0,0,0,0,0,0,0,0,8.4,Bob Persichetti,Shameik Moore,"548,095"
213,Waiting...,94,0,0,1,0,0,0,0,0,0,0,0,0,0,0,0,0,0,0,0,0,6.7,Rob McKittrick,Ryan Reynolds,"100,689"
214,"Lyle, Lyle, Crocodile",106,0,1,1,0,0,0,1,0,0,0,0,0,0,0,0,0,0,0,0,0,6.1,Josh Gordon,Javier Bardem,"9,780"
215,Dunkirk,106,1,0,0,1,0,0,0,1,0,0,0,0,0,0,0,0,0,0,0,0,7.8,Christopher Nolan,Fionn Whitehead,"674,105"
216,After,105,0,0,0,1,0,0,0,0,0,0,0,0,0,0,0,0,0,1,0,0,5.3,Jenny Gage,Josephine Langford,"58,210"
217,The Equalizer 2,121,1,0,0,0,0,0,0,0,0,0,1,0,0,1,0,0,0,0,0,0,6.7,Antoine Fuqua,Denzel Washington,"166,040"
218,Twilight,122,0,0,0,1,0,0,0,0,0,0,0,1,0,0,0,0,0,1,0,0,5.3,Catherine Hardwicke,Kristen Stewart,"468,659"
219,The Son,123,0,0,0,1,0,0,0,0,0,0,0,0,0,0,0,0,0,0,0,0,6.2,Florian Zeller,Vanessa Kirby,"5,363"
220,Spotlight,129,0,0,0,1,0,0,0,0,0,0,0,0,1,1,0,0,0,0,0,0,8.1,Tom McCarthy,Mark Ruffalo,"477,769"
221,The Killing of a Sacred Deer,121,0,0,0,1,0,0,0,0,1,1,0,0,0,0,0,0,0,0,0,0,7,Yorgos Lanthimos,Barry G. Bernson,"161,253"
222,Harry Potter and the Prisoner of Azkaban,142,0,1,0,0,0,0,0,0,0,0,0,1,0,0,0,1,0,0,0,0,7.9,Alfonso Cuarón,Daniel Radcliffe,"648,779"
223,The Equalizer,132,1,0,0,0,0,0,0,0,0,0,1,0,0,1,0,0,0,0,0,0,7.2,Antoine Fuqua,Denzel Washington,"379,961"
224,Sully,96,0,0,0,1,0,0,0,0,0,0,0,0,1,0,0,0,0,0,0,0,7.4,Clint Eastwood,Tom Hanks,"279,635"
225,Edge of Tomorrow,113,1,1,0,0,0,0,0,0,0,0,0,0,0,0,1,0,0,0,0,0,7.9,Doug Liman,Tom Cruise,"692,437"
226,Birdman or (The Unexpected Virtue of Ignorance),119,0,0,1,1,0,0,0,0,0,0,0,0,0,0,0,0,0,0,0,0,7.7,Alejandro G. Iñárritu,Michael Keaton,"640,737"
227,Coherence,89,0,0,0,1,0,0,0,0,0,1,0,0,0,0,1,0,0,0,0,0,7.2,James Ward Byrkit,Emily Baldoni,"133,099"
228,The Invitation,105,0,0,0,0,0,0,0,0,1,0,1,0,0,0,0,0,0,0,0,0,5.3,Jessica M. Thompson,Nathalie Emmanuel,"23,054"
229,Cars,117,0,1,1,0,0,0,1,0,0,0,0,0,0,0,0,0,0,0,0,0,7.2,John Lasseter,Owen Wilson,"432,775"
230,The Avengers,143,1,0,0,0,0,0,0,0,0,0,0,0,0,0,1,0,0,0,0,0,8,Joss Whedon,Robert Downey Jr.,"1,405,543"
231,Bones and All,131,0,0,0,1,0,0,0,0,1,0,0,0,0,0,0,0,0,1,0,0,6.9,Luca Guadagnino,Timothée Chalamet,"37,033"
232,The King's Man,131,1,1,0,0,0,0,0,0,0,0,1,0,0,0,0,0,0,0,0,0,6.3,Matthew Vaughn,Ralph Fiennes,"153,826"
233,Memoirs of a Geisha,145,0,0,0,1,0,0,0,0,0,0,0,0,0,0,0,0,0,1,0,0,7.3,Rob Marshall,Ziyi Zhang,"153,463"
234,Idiocracy,84,0,1,1,0,0,0,0,0,0,0,0,0,0,0,1,0,0,0,0,0,6.5,Mike Judge,Luke Wilson,"168,202"
235,We're the Millers,110,0,0,1,0,0,0,0,0,0,0,0,0,0,1,0,0,0,0,0,0,7,Rawson Marshall Thurber,Jason Sudeikis,"458,963"
236,A Serbian Film,104,0,0,0,0,0,0,0,0,1,1,1,0,0,0,0,0,0,0,0,0,5,Srdjan Spasojevic,Srdjan 'Zika' Todorovic,"66,582"
237,Last Night in Soho,116,0,0,0,1,0,0,0,0,1,1,0,0,0,0,0,0,0,0,0,0,7,Edgar Wright,Thomasin McKenzie,"146,067"
238,Pleasure,109,0,0,0,1,0,0,0,0,0,0,0,0,0,0,0,0,0,0,0,0,6.4,Ninja Thyberg,Sofia Kappel,"18,682"
239,Spirited Away,125,0,1,0,0,0,0,1,0,0,0,0,0,0,0,0,1,0,0,0,0,8.6,Hayao Miyazaki,Daveigh Chase,"778,289"
240,Prey,100,1,1,0,1,0,0,0,0,0,0,0,0,0,0,0,0,0,0,0,0,7.1,Dan Trachtenberg,Amber Midthunder,"202,103"
241,The Hateful Eight,168,0,0,0,1,0,0,0,0,0,1,0,0,0,1,0,0,0,0,0,0,7.8,Quentin Tarantino,Samuel L. Jackson,"615,725"
242,"Alice, Darling",89,0,0,0,1,0,0,0,0,0,0,1,0,0,0,0,0,0,0,0,0,5.4,Mary Nighy,Anna Kendrick,"4,377"
243,Her,126,0,0,0,1,0,0,0,0,0,0,0,0,0,0,1,0,0,1,0,0,8,Spike Jonze,Joaquin Phoenix,"627,694"
244,Violent Night,112,1,0,1,0,0,0,0,0,0,0,0,0,0,1,0,0,0,0,0,0,6.7,Tommy Wirkola,David Harbour,"66,311"
245,Drive,100,1,0,0,1,0,0,0,0,0,0,0,0,0,0,0,0,0,0,0,0,7.8,Nicolas Winding Refn,Ryan Gosling,"655,803"
246,The Irishman,209,0,0,0,1,0,0,0,0,0,0,0,0,1,1,0,0,0,0,0,0,7.8,Martin Scorsese,Robert De Niro,"398,208"
247,Divergent,139,1,1,0,0,0,0,0,0,0,1,0,0,0,0,0,0,0,0,0,0,6.6,Neil Burger,Shailene Woodley,"468,023"
248,Kick-Ass 2,103,1,0,1,0,0,0,0,0,0,0,0,0,0,1,0,0,0,0,0,0,6.5,Jeff Wadlow,Aaron Taylor-Johnson,"277,601"
249,Zootopia,108,0,1,1,0,0,0,1,0,0,0,0,0,0,0,0,0,0,0,0,0,8,Byron Howard,Ginnifer Goodwin,"509,717"
250,Emancipation,132,1,0,0,0,0,0,0,0,0,0,1,0,0,0,0,0,0,0,0,0,6.1,Antoine Fuqua,Will Smith,"21,731"
