Rank,Title,Runtime,Genre,Rating,Director,Lead,Votes,Budget
,,,,,,,,
1,Babylon,189,Comedy,7.3,Damien Chazelle,Brad Pitt,216,
,,,,,,,,
2,Black Panther: Wakanda Forever,161,Action,6.8,Ryan Coogler,Letitia Wright,71,
,,,,,,,,
3,Avatar: The Way of Water,192,Action,7.8,James Cameron,Sam Worthington,96,
,,,,,,,,
4,The Menu,107,Horror,7.2,Mark Mylod,Ralph Fiennes,81,
,,,,,,,,
5,The Banshees of Inisherin,114,Comedy,7.8,Martin McDonagh,Colin Farrell,40,
,,,,,,,,
6,Everything Everywhere All at Once,139,Action,8,Dan Kwan,Michelle Yeoh,106,
,,,,,,,,
7,Puss in Boots: The Last Wish,102,Animation,7.9,Joel Crawford,Antonio Banderas,230,
,,,,,,,,
8,White Noise,136,Comedy,5.7,Noah Baumbach,Adam Driver,104,
,,,,,,,,
9,The Whale,117,Drama,8,Darren Aronofsky,Brendan Fraser,98,
,,,,,,,,
10,The Fabelmans,151,Drama,7.6,Steven Spielberg,Michelle Williams,174,
,,,,,,,,
11,Tár,158,Drama,7.5,Todd Field,Cate Blanchett,135,
,,,,,,,,
12,M3GAN,102,Horror,6.4,Gerard Johnstone,Allison Williams,200,
,,,,,,,,
13,Bullet Train,127,Action,7.3,David Leitch,Brad Pitt,93,
,,,,,,,,
14,Triangle of Sadness,147,Comedy,7.4,Ruben Östlund,Charlbi Dean,235,
,,,,,,,,
15,Top Gun: Maverick,130,Action,8.3,Joseph Kosinski,Tom Cruise,163,
,,,,,,,,
16,Glass Onion,139,Comedy,7.2,Rian Johnson,Daniel Craig,110,
,,,,,,,,
17,Shotgun Wedding,100,Action,5.4,Jason Moore,Jennifer Lopez,78,
,,,,,,,,
18,A Man Called Otto,126,Comedy,7.6,Marc Forster,Tom Hanks,53,
,,,,,,,,
19,All Quiet on the Western Front,148,Action,7.8,Edward Berger,Felix Kammerer,43,
,,,,,,,,
20,Aftersun,102,Drama,7.7,Charlotte Wells,Paul Mescal,122,
,,,,,,,,
21,X,105,Horror,6.6,Ti West,Mia Goth,25,
,,,,,,,,
22,The Son,123,Drama,6.1,Florian Zeller,Vanessa Kirby,94,
,,,,,,,,
23,Magic Mike,110,Comedy,6.1,Steven Soderbergh,Channing Tatum,41,
,,,,,,,,
24,The Pale Blue Eye,128,Crime,6.6,Scott Cooper,Christian Bale,236,
,,,,,,,,
25,Ant-Man,117,Action,7.3,Peyton Reed,Paul Rudd,208,
,,,,,,,,
26,Harry Potter and the Sorcerer's Stone,152,Adventure,7.6,Chris Columbus,Daniel Radcliffe,224,
,,,,,,,,
27,Women Talking,104,Drama,7.5,Sarah Polley,Rooney Mara,152,
,,,,,,,,
28,Empire of Light,115,Drama,6.6,Sam Mendes,Olivia Colman,226,
,,,,,,,,
29,The Batman,176,Action,7.8,Matt Reeves,Robert Pattinson,206,
,,,,,,,,
30,Elvis,159,Biography,7.3,Baz Luhrmann,Tom Hanks,59,
,,,,,,,,
31,Ant-Man and the Wasp,118,Action,7,Peyton Reed,Paul Rudd,136,
,,,,,,,,
32,The Woman King,135,Action,6.7,Gina Prince-Bythewood,Viola Davis,154,
,,,,,,,,
33,Don't Worry Darling,123,Drama,6.2,Olivia Wilde,Florence Pugh,22,
,,,,,,,,
34,The VelociPastor,75,Action,5,Brendan Steere,Greg Cohan,184,
,,,,,,,,
35,Amsterdam,134,Comedy,6.1,David O. Russell,Christian Bale,203,
,,,,,,,,
36,Avatar,162,Action,7.9,James Cameron,Sam Worthington,9,
,,,,,,,,
37,Interstellar,169,Adventure,8.6,Christopher Nolan,Matthew McConaughey,19,
,,,,,,,,
38,Once Upon a Time in Hollywood,161,Comedy,7.6,Quentin Tarantino,Leonardo DiCaprio,219,
,,,,,,,,
39,Where the Crawdads Sing,125,Drama,7.2,Olivia Newman,Daisy Edgar-Jones,232,
,,,,,,,,
40,Barbarian,102,Horror,7,Zach Cregger,Georgina Campbell,34,
,,,,,,,,
41,Black Adam,125,Action,6.4,Jaume Collet-Serra,Dwayne Johnson,76,
,,,,,,,,
42,Legally Blonde,96,Comedy,6.4,Robert Luketic,Reese Witherspoon,75,
,,,,,,,,
43,Knives Out,130,Comedy,7.9,Rian Johnson,Daniel Craig,215,
,,,,,,,,
44,Love,135,Drama,6.1,Gaspar Noé,Aomi Muyock,186,
,,,,,,,,
45,Black Panther,134,Action,7.3,Ryan Coogler,Chadwick Boseman,223,
,,,,,,,,
46,"Lyle, Lyle, Crocodile",106,Animation,6.1,Josh Gordon,Javier Bardem,227,
,,,,,,,,
47,Thor: Love and Thunder,118,Action,6.3,Taika Waititi,Chris Hemsworth,112,
,,,,,,,,
48,Magic Mike XXL,115,Comedy,5.6,Gregory Jacobs,Channing Tatum,173,
,,,,,,,,
49,Valentine's Day,125,Comedy,5.7,Garry Marshall,Julia Roberts,28,
,,,,,,,,
50,Jurassic World: Dominion,147,Action,5.6,Colin Trevorrow,Chris Pratt,54,
,,,,,,,,
51,Dune,155,Action,8,Denis Villeneuve,Timothée Chalamet,201,
,,,,,,,,
52,Smile,115,Horror,6.6,Parker Finn,Sosie Bacon,23,
,,,,,,,,
53,Whitney Houston: I Wanna Dance with Somebody,144,Biography,6.7,Kasi Lemmons,Naomi Ackie,241,
,,,,,,,,
54,Pearl,103,Horror,7,Ti West,Mia Goth,144,
,,,,,,,,
55,Guillermo del Toro's Pinocchio,117,Animation,7.6,Guillermo del Toro,Ewan McGregor,231,
,,,,,,,,
56,The Lord of the Rings: The Fellowship of the Ring,178,Action,8.8,Peter Jackson,Elijah Wood,20,
,,,,,,,,
57,Avengers: Endgame,181,Action,8.4,Anthony Russo,Robert Downey Jr.,6,
,,,,,,,,
58,"Alice, Darling",89,Drama,5.4,Mary Nighy,Anna Kendrick,95,
,,,,,,,,
59,Bones and All,131,Drama,6.9,Luca Guadagnino,Timothée Chalamet,111,
,,,,,,,,
60,Skinamarink,100,Horror,5.1,Kyle Edward Ball,Lucas Paul,213,
,,,,,,,,
61,The Northman,137,Action,7.1,Robert Eggers,Alexander Skarsgård,72,
,,,,,,,,
62,F9: The Fast Saga,143,Action,5.2,Justin Lin,Vin Diesel,36,
,,,,,,,,
63,Fall,107,Thriller,6.4,Scott Mann,Grace Caroline Currey,172,
,,,,,,,,
64,Spider-Man: No Way Home,148,Action,8.2,Jon Watts,Tom Holland,221,
,,,,,,,,
65,The Notebook,123,Drama,7.8,Nick Cassavetes,Gena Rowlands,175,
,,,,,,,,
66,Nope,130,Horror,6.9,Jordan Peele,Daniel Kaluuya,64,
,,,,,,,,
67,The Unbearable Weight of Massive Talent,107,Action,7,Tom Gormican,Nicolas Cage,246,
,,,,,,,,
68,The Wolf of Wall Street,180,Biography,8.2,Martin Scorsese,Leonardo DiCaprio,13,
,,,,,,,,
69,Joker,122,Crime,8.4,Todd Phillips,Joaquin Phoenix,8,
,,,,,,,,
70,Close,104,Drama,7.9,Lukas Dhont,Eden Dambrine,21,
,,,,,,,,
71,The Departed,151,Crime,8.5,Martin Scorsese,Leonardo DiCaprio,11,
,,,,,,,,
72,To Leslie,119,Drama,7.1,Michael Morris,Andrea Riseborough,153,
,,,,,,,,
73,Devotion,139,Action,6.6,J.D. Dillard,Jonathan Majors,46,
,,,,,,,,
74,John Wick,101,Action,7.4,Chad Stahelski,Keanu Reeves,197,
,,,,,,,,
75,Roald Dahl's Matilda the Musical,117,Comedy,7.1,Matthew Warchus,Alisha Weir,62,
,,,,,,,,
76,Ticket to Paradise,104,Comedy,6.2,Ol Parker,George Clooney,134,
,,,,,,,,
77,The Hunger Games,142,Action,7.2,Gary Ross,Jennifer Lawrence,245,
,,,,,,,,
78,Black Swan,108,Drama,8,Darren Aronofsky,Natalie Portman,222,
,,,,,,,,
79,Whiplash,106,Drama,8.5,Damien Chazelle,Miles Teller,237,
,,,,,,,,
80,Hereditary,127,Drama,7.3,Ari Aster,Toni Collette,103,
,,,,,,,,
81,Scream,114,Horror,6.3,Matt Bettinelli-Olpin,Melissa Barrera,27,
,,,,,,,,
82,The Help,146,Drama,8.1,Tate Taylor,Viola Davis,147,
,,,,,,,,
83,RRR,187,Action,7.9,S.S. Rajamouli,N.T. Rama Rao Jr.,35,
,,,,,,,,
84,Viking Wolf,97,Horror,5.1,Stig Svendsen,Liv Mjönes,127,
,,,,,,,,
85,Nobody,92,Action,7.4,Ilya Naishuller,Bob Odenkirk,85,
,,,,,,,,
86,The Black Phone,103,Horror,6.9,Scott Derrickson,Mason Thames,49,
,,,,,,,,
87,The Gray Man,122,Action,6.5,Anthony Russo,Ryan Gosling,65,
,,,,,,,,
88,Rosaline,95,Comedy,6.4,Karen Maine,Kaitlyn Dever,214,
,,,,,,,,
89,Midsommar,148,Drama,7.1,Ari Aster,Florence Pugh,108,
,,,,,,,,
90,Infinite,106,Action,5.4,Antoine Fuqua,Mark Wahlberg,162,
,,,,,,,,
91,Edge of Tomorrow,113,Action,7.9,Doug Liman,Tom Cruise,210,
,,,,,,,,
92,Vengeance,107,Comedy,6.8,B.J. Novak,B.J. Novak,79,
,,,,,,,,
93,Harry Potter and the Goblet of Fire,157,Adventure,7.7,Mike Newell,Daniel Radcliffe,193,
,,,,,,,,
94,Blonde,167,Biography,5.5,Andrew Dominik,Ana de Armas,185,
,,,,,,,,
95,Parasite,132,Drama,8.5,Bong Joon Ho,Song Kang-ho,234,
,,,,,,,,
96,Decision to Leave,139,Crime,7.3,Park Chan-wook,Park Hae-il,105,
,,,,,,,,
97,The Gentlemen,113,Action,7.8,Guy Ritchie,Matthew McConaughey,113,
,,,,,,,,
98,Irreversible,97,Crime,7.3,Gaspar Noé,Monica Bellucci,37,
,,,,,,,,
99,Blade Runner 2049,164,Action,8,Denis Villeneuve,Harrison Ford,177,
,,,,,,,,
100,Don't Look Up,138,Comedy,7.2,Adam McKay,Leonardo DiCaprio,166,
,,,,,,,,
101,La La Land,128,Comedy,8,Damien Chazelle,Ryan Gosling,187,
,,,,,,,,
102,Fifty Shades of Grey,125,Drama,4.2,Sam Taylor-Johnson,Dakota Johnson,102,
,,,,,,,,
103,Inglourious Basterds,153,Adventure,8.3,Quentin Tarantino,Brad Pitt,14,
,,,,,,,,
104,Django Unchained,165,Drama,8.4,Quentin Tarantino,Jamie Foxx,15,
,,,,,,,,
105,Eternal Sunshine of the Spotless Mind,108,Drama,8.3,Michel Gondry,Jim Carrey,2,
,,,,,,,,
106,Harry Potter and the Prisoner of Azkaban,142,Adventure,7.9,Alfonso Cuarón,Daniel Radcliffe,195,
,,,,,,,,
107,Living,102,Drama,7.5,Oliver Hermanus,Bill Nighy,128,
,,,,,,,,
108,2 Guns,109,Action,6.7,Baltasar Kormákur,Denzel Washington,69,
,,,,,,,,
109,Girl in the Basement,88,Crime,6.3,Elisabeth Röhm,Judd Nelson,229,
,,,,,,,,
110,Harry Potter and the Deathly Hallows: Part 2,130,Adventure,8.1,David Yates,Daniel Radcliffe,238,
,,,,,,,,
111,Narvik: Hitler's First Defeat,108,Drama,6.6,Erik Skjoldbjærg,Billy Campbell,240,
,,,,,,,,
112,Violent Night,112,Action,6.7,Tommy Wirkola,David Harbour,190,
,,,,,,,,
113,Scott Pilgrim vs. the World,112,Action,7.5,Edgar Wright,Michael Cera,140,
,,,,,,,,
114,Harry Potter and the Chamber of Secrets,161,Adventure,7.4,Chris Columbus,Daniel Radcliffe,198,
,,,,,,,,
115,Guardians of the Galaxy,121,Action,8,James Gunn,Chris Pratt,7,
,,,,,,,,
116,Puss in Boots,90,Animation,6.6,Chris Miller,Antonio Banderas,55,
,,,,,,,,
117,Prisoners,153,Crime,8.1,Denis Villeneuve,Hugh Jackman,218,
,,,,,,,,
118,The Suicide Squad,132,Action,7.2,James Gunn,Margot Robbie,119,
,,,,,,,,
119,Pride & Prejudice,129,Drama,7.8,Joe Wright,Keira Knightley,97,
,,,,,,,,
120,Birdman or (The Unexpected Virtue of Ignorance),119,Comedy,7.7,Alejandro G. Iñárritu,Michael Keaton,194,
,,,,,,,,
121,Doctor Strange in the Multiverse of Madness,126,Action,6.9,Sam Raimi,Benedict Cumberbatch,139,
,,,,,,,,
122,Beast,93,Action,5.6,Baltasar Kormákur,Liyabuya Gongo,88,
,,,,,,,,
123,Strange World,102,Animation,5.6,Don Hall,Jake Gyllenhaal,114,
,,,,,,,,
124,Gone Girl,149,Drama,8.1,David Fincher,Ben Affleck,248,
,,,,,,,,
125,Uncharted,116,Action,6.3,Ruben Fleischer,Tom Holland,73,
,,,,,,,,
126,Catch Me If You Can,141,Biography,8.1,Steven Spielberg,Leonardo DiCaprio,249,
,,,,,,,,
127,Hidden Figures,127,Biography,7.8,Theodore Melfi,Taraji P. Henson,80,
,,,,,,,,
128,Fantastic Beasts: The Secrets of Dumbledore,142,Adventure,6.2,David Yates,Eddie Redmayne,44,
,,,,,,,,
129,This Is 40,134,Comedy,6.2,Judd Apatow,Paul Rudd,42,
,,,,,,,,
130,Shutter Island,138,Mystery,8.2,Martin Scorsese,Leonardo DiCaprio,10,
,,,,,,,,
131,About Time,123,Comedy,7.8,Richard Curtis,Domhnall Gleeson,118,
,,,,,,,,
132,Piggy,99,Drama,6.2,Carlota Pereda,Laura Galán,182,
,,,,,,,,
133,The Beasts,137,Drama,7.5,Rodrigo Sorogoyen,Marina Foïs,183,
,,,,,,,,
134,Encanto,102,Animation,7.2,Jared Bush,Stephanie Beatriz,77,
,,,,,,,,
135,Superbad,113,Comedy,7.6,Greg Mottola,Michael Cera,178,
,,,,,,,,
136,Creed,133,Action,7.6,Ryan Coogler,Michael B. Jordan,87,
,,,,,,,,
137,Eternals,156,Action,6.3,Chloé Zhao,Gemma Chan,113,
,,,,,,,,
138,The Lord of the Rings: The Return of the King,201,Action,9,Peter Jackson,Elijah Wood,18,
,,,,,,,,
139,No Time to Die,163,Action,7.3,Cary Joji Fukunaga,Daniel Craig,133,
,,,,,,,,
140,Death on the Nile,127,Crime,6.3,Kenneth Branagh,Tom Bateman,51,
,,,,,,,,
141,She Said,129,Drama,7.2,Maria Schrader,Lola Petticrew,66,
,,,,,,,,
142,Get Out,104,Horror,7.7,Jordan Peele,Daniel Kaluuya,192,
,,,,,,,,
143,The Prestige,130,Drama,8.5,Christopher Nolan,Christian Bale,12,
,,,,,,,,
144,Lady Chatterley's Lover,126,Drama,6.6,Laure de Clermont-Tonnerre,Emma Corrin,52,
,,,,,,,,
145,Jeepers Creepers: Reborn,88,Horror,2.5,Timo Vuorensola,Sydney Craven,243,
,,,,,,,,
146,Pleasure,109,Drama,6.4,Ninja Thyberg,Sofia Kappel,58,
,,,,,,,,
147,The Founder,115,Biography,7.2,John Lee Hancock,Michael Keaton,50,
,,,,,,,,
148,Causeway,94,Drama,6.6,Lila Neugebauer,Jennifer Lawrence,39,
,,,,,,,,
149,Old,108,Drama,5.8,M. Night Shyamalan,Gael García Bernal,31,
,,,,,,,,
150,Terrifier 2,138,Horror,6.2,Damien Leone,Lauren LaVera,91,
,,,,,,,,
151,No Country for Old Men,122,Crime,8.2,Ethan Coen,Tommy Lee Jones,247,
,,,,,,,,
152,Tenet,150,Action,7.3,Christopher Nolan,John David Washington,160,
,,,,,,,,
153,The Lost City,112,Action,6.1,Aaron Nee,Sandra Bullock,32,
,,,,,,,,
154,Harry Potter and the Order of the Phoenix,138,Action,7.5,David Yates,Daniel Radcliffe,179,
,,,,,,,,
155,The Great Gatsby,143,Drama,7.2,Baz Luhrmann,Leonardo DiCaprio,169,
,,,,,,,,
156,In Bruges,107,Comedy,7.9,Martin McDonagh,Colin Farrell,141,
,,,,,,,,
157,Promising Young Woman,113,Crime,7.5,Emerald Fennell,Carey Mulligan,57,
,,,,,,,,
158,"Crazy, Stupid, Love.",118,Comedy,7.4,Glenn Ficarra,Steve Carell,161,
,,,,,,,,
159,Little Women,135,Drama,7.8,Greta Gerwig,Saoirse Ronan,68,
,,,,,,,,
160,Four Good Days,100,Drama,6.5,Rodrigo García,Mila Kunis,228,
,,,,,,,,
161,CODA,111,Comedy,8,Sian Heder,Emilia Jones,38,
,,,,,,,,
162,The Fallout,96,Drama,7,Megan Park,Jenna Ortega,82,
,,,,,,,,
163,Emily the Criminal,97,Crime,6.7,John Patton Ford,Aubrey Plaza,116,
,,,,,,,,
164,Hacksaw Ridge,139,Biography,8.1,Mel Gibson,Andrew Garfield,164,
,,,,,,,,
165,The Fast and the Furious,106,Action,6.8,Rob Cohen,Vin Diesel,124,
,,,,,,,,
166,Sing 2,110,Animation,7.4,Garth Jennings,Matthew McConaughey,217,
,,,,,,,,
167,Her,126,Drama,8,Spike Jonze,Joaquin Phoenix,191,
,,,,,,,,
168,The Quiet Girl,94,Drama,7.7,Colm Bairéad,Carrie Crowley,181,
,,,,,,,,
169,Green Book,130,Biography,8.2,Peter Farrelly,Viggo Mortensen,157,
,,,,,,,,
170,The Dreamers,115,Drama,7.1,Bernardo Bertolucci,Michael Pitt,30,
,,,,,,,,
171,The Grand Budapest Hotel,99,Adventure,8.1,Wes Anderson,Ralph Fiennes,233,
,,,,,,,,
172,I Am Legend,101,Action,7.2,Francis Lawrence,Will Smith,220,
,,,,,,,,
173,The Lobster,119,Drama,7.1,Yorgos Lanthimos,Colin Farrell,86,
,,,,,,,,
174,See How They Run,98,Comedy,6.5,Tom George,Kieran Hodgson,151,
,,,,,,,,
175,Licorice Pizza,133,Comedy,7.2,Paul Thomas Anderson,Alana Haim,29,
,,,,,,,,
176,Friends with Benefits,109,Comedy,6.5,Will Gluck,Mila Kunis,120,
,,,,,,,,
177,Luckiest Girl Alive,113,Drama,6.4,Mike Barker,Mila Kunis,150,
,,,,,,,,
178,Kingsman: The Golden Circle,141,Action,6.7,Matthew Vaughn,Taron Egerton,107,
,,,,,,,,
179,War of the Worlds,116,Action,6.5,Steven Spielberg,Tom Cruise,145,
,,,,,,,,
180,Avengers: Infinity War,149,Action,8.4,Anthony Russo,Robert Downey Jr.,4,
,,,,,,,,
181,Mean Girls,97,Comedy,7.1,Mark Waters,Lindsay Lohan,125,
,,,,,,,,
182,Suicide Squad,123,Action,5.9,David Ayer,Will Smith,212,
,,,,,,,,
183,Minions: The Rise of Gru,87,Animation,6.6,Kyle Balda,Steve Carell,209,
,,,,,,,,
184,John Wick: Chapter 3 - Parabellum,130,Action,7.4,Chad Stahelski,Keanu Reeves,117,
,,,,,,,,
185,Under the Skin,108,Drama,6.3,Jonathan Glazer,Scarlett Johansson,45,
,,,,,,,,
186,The Bubble,126,Comedy,4.7,Judd Apatow,Harry Trevaldwyn,84,
,,,,,,,,
187,Split,117,Horror,7.3,M. Night Shyamalan,James McAvoy,158,
,,,,,,,,
188,Pitch Perfect,112,Comedy,7.1,Jason Moore,Anna Kendrick,100,
,,,,,,,,
189,Creed II,130,Action,7.1,Steven Caple Jr.,Michael B. Jordan,33,
,,,,,,,,
190,Bodies Bodies Bodies,94,Comedy,6.3,Halina Reijn,Amandla Stenberg,129,
,,,,,,,,
191,Mad Max: Fury Road,120,Action,8.1,George Miller,Tom Hardy,1,
,,,,,,,,
192,It,135,Horror,7.3,Andy Muschietti,Bill Skarsgård,170,
,,,,,,,,
193,Zack Snyder's Justice League,242,Action,8,Zack Snyder,Henry Cavill,131,
,,,,,,,,
194,Mission: Impossible - Fallout,147,Action,7.7,Christopher McQuarrie,Tom Cruise,109,
,,,,,,,,
195,Harry Potter and the Deathly Hallows: Part 1,146,Adventure,7.7,David Yates,Daniel Radcliffe,171,
,,,,,,,,
196,Marcel the Shell with Shoes On,90,Animation,7.8,Dean Fleischer Camp,Jenny Slate,26,
,,,,,,,,
197,Call Me by Your Name,132,Drama,7.8,Luca Guadagnino,Timothée Chalamet,90,
,,,,,,,,
198,The Magnificent Seven,132,Action,6.8,Antoine Fuqua,Denzel Washington,70,
,,,,,,,,
199,Harry Potter and the Half-Blood Prince,153,Action,7.6,David Yates,Daniel Radcliffe,168,
,,,,,,,,
200,Love Actually,135,Comedy,7.6,Richard Curtis,Hugh Grant,155,
,,,,,,,,
201,Sicario,121,Action,7.6,Denis Villeneuve,Emily Blunt,142,
,,,,,,,,
202,The Lord of the Rings: The Two Towers,179,Action,8.8,Peter Jackson,Elijah Wood,16,
,,,,,,,,
203,Twilight,122,Drama,5.3,Catherine Hardwicke,Kristen Stewart,148,
,,,,,,,,
204,Till,130,Biography,7.2,Chinonye Chukwu,Danielle Deadwyler,225,
,,,,,,,,
205,Free Guy,115,Action,7.1,Shawn Levy,Ryan Reynolds,121,
,,,,,,,,
206,Apocalypto,139,Action,7.8,Mel Gibson,Gerardo Taracena,101,
,,,,,,,,
207,"Three Billboards Outside Ebbing, Missouri",115,Comedy,8.1,Martin McDonagh,Frances McDormand,159,
,,,,,,,,
208,The King's Man,131,Action,6.3,Matthew Vaughn,Ralph Fiennes,47,
,,,,,,,,
209,Ford v Ferrari,152,Action,8.1,James Mangold,Matt Damon,132,
,,,,,,,,
210,Deadpool 2,119,Action,7.7,David Leitch,Ryan Reynolds,180,
,,,,,,,,
211,Sick,83,Horror,6.1,John Hyams,Gideon Adlon,242,
,,,,,,,,
212,Crimes of the Future,107,Drama,5.9,David Cronenberg,Viggo Mortensen,99,
,,,,,,,,
213,1917,119,Action,8.2,Sam Mendes,Dean-Charles Chapman,188,
,,,,,,,,
214,Pirates of the Caribbean: The Curse of the Black Pearl,143,Action,8.1,Gore Verbinski,Johnny Depp,5,
,,,,,,,,
215,Just Go with It,117,Comedy,6.4,Dennis Dugan,Adam Sandler,83,
,,,,,,,,
216,Prey,100,Action,7.1,Dan Trachtenberg,Amber Midthunder,63,
,,,,,,,,
217,Crazy Rich Asians,120,Comedy,6.9,Jon M. Chu,Constance Wu,56,
,,,,,,,,
218,Passengers,116,Drama,7,Morten Tyldum,Jennifer Lawrence,137,
,,,,,,,,
219,Oldboy,120,Action,8.4,Park Chan-wook,Choi Min-sik,176,
,,,,,,,,
220,Kingsman: The Secret Service,129,Action,7.7,Matthew Vaughn,Colin Firth,207,
,,,,,,,,
221,A Quiet Place,90,Drama,7.5,John Krasinski,Emily Blunt,165,
,,,,,,,,
222,Drive,100,Action,7.8,Nicolas Winding Refn,Ryan Gosling,202,
,,,,,,,,
223,A Star Is Born,136,Drama,7.6,Bradley Cooper,Lady Gaga,123,
,,,,,,,,
224,The School for Good and Evil,147,Action,5.8,Paul Feig,Kit Young,89,
,,,,,,,,
225,Transformers,144,Action,7,Michael Bay,Shia LaBeouf,196,
,,,,,,,,
226,The Irishman,209,Biography,7.8,Martin Scorsese,Robert De Niro,126,
,,,,,,,,
227,365 Days,114,Drama,3.3,Barbara Bialowas,Anna-Maria Sieklucka,244,
,,,,,,,,
228,Jojo Rabbit,108,Comedy,7.9,Taika Waititi,Roman Griffin Davis,130,
,,,,,,,,
229,Last Seen Alive,95,Action,5.6,Brian Goodman,Gerard Butler,74,
,,,,,,,,
230,Dunkirk,106,Action,7.8,Christopher Nolan,Fionn Whitehead,205,
,,,,,,,,
231,Guardians of the Galaxy Vol. 2,136,Action,7.6,James Gunn,Chris Pratt,211,
,,,,,,,,
232,The Bad Guys,100,Animation,6.8,Pierre Perifel,Sam Rockwell,143,
,,,,,,,,
233,Deadpool,108,Action,8,Tim Miller,Ryan Reynolds,3,
,,,,,,,,
234,Men,100,Drama,6.1,Alex Garland,Jessie Buckley,146,
,,,,,,,,
235,The Invitation,105,Horror,5.3,Jessica M. Thompson,Nathalie Emmanuel,67,
,,,,,,,,
236,Rogue One: A Star Wars Story,133,Action,7.8,Gareth Edwards,Felicity Jones,199,
,,,,,,,,
237,The Good Nurse,121,Biography,6.8,Tobias Lindholm,Eddie Redmayne,189,
,,,,,,,,
238,Fury,134,Action,7.5,David Ayer,Brad Pitt,156,
,,,,,,,,
239,The Cabin in the Woods,95,Horror,7,Drew Goddard,Kristen Connolly,138,
,,,,,,,,
240,The Little Things,128,Crime,6.3,John Lee Hancock,Denzel Washington,24,
,,,,,,,,
241,The Outfit,105,Crime,7.1,Graham Moore,Mark Rylance,149,
,,,,,,,,
242,The Dark Knight Rises,164,Action,8.4,Christopher Nolan,Christian Bale,17,
,,,,,,,,
243,Orphan: First Kill,99,Crime,5.9,William Brent Bell,Isabelle Fuhrman,115,
,,,,,,,,
244,The Handmaiden,145,Drama,8.1,Park Chan-wook,Kim Min-hee,48,
,,,,,,,,
245,Fast & Furious,107,Action,6.5,Justin Lin,Vin Diesel,92,
,,,,,,,,
246,Armageddon Time,114,Drama,6.5,James Gray,Anne Hathaway,239,
,,,,,,,,
247,Wrath of Man,119,Action,7.1,Guy Ritchie,Jason Statham,60,
,,,,,,,,
248,The Age of Adaline,112,Drama,7.2,Lee Toland Krieger,Blake Lively,61,
,,,,,,,,
249,Now You See Me,115,Crime,7.2,Louis Leterrier,Jesse Eisenberg,204,
,,,,,,,,
250,Baby Driver,113,Action,7.6,Edgar Wright,Ansel Elgort,167,
,,,,,,,,
251,Prometheus,124,Adventure,7,Ridley Scott,Noomi Rapace,198,
,,,,,,,,
252,Last Night in Soho,116,Drama,7,Edgar Wright,Thomasin McKenzie,29,
,,,,,,,,
253,Poker Face,94,Action,5.1,Russell Crowe,Russell Crowe,210,
,,,,,,,,
254,A Serbian Film,104,Horror,5,Srdjan Spasojevic,Srdjan 'Zika' Todorovic,204,
,,,,,,,,
255,John Wick: Chapter 2,122,Action,7.4,Chad Stahelski,Keanu Reeves,156,
,,,,,,,,
256,The Hunger Games: Catching Fire,146,Action,7.5,Francis Lawrence,Jennifer Lawrence,207,
,,,,,,,,
257,The Wonder,108,Drama,6.6,Sebastián Lelio,Florence Pugh,119,
,,,,,,,,
258,After,105,Drama,5.3,Jenny Gage,Josephine Langford,190,
,,,,,,,,
259,Spirited Away,125,Animation,8.6,Hayao Miyazaki,Daveigh Chase,222,
,,,,,,,,
260,Barefoot,90,Comedy,6.5,Andrew Fleming,Evan Rachel Wood,86,
,,,,,,,,
261,Atonement,123,Drama,7.8,Joe Wright,Keira Knightley,106,
,,,,,,,,
262,The Worst Person in the World,128,Comedy,7.8,Joachim Trier,Renate Reinsve,216,
,,,,,,,,
263,The Sea Beast,115,Animation,7,Chris Williams,Karl Urban,163,
,,,,,,,,
264,The Greatest Showman,105,Biography,7.5,Michael Gracey,Hugh Jackman,108,
,,,,,,,,
265,Remember Me,113,Drama,7.1,Allen Coulter,Robert Pattinson,31,
,,,,,,,,
266,The Stranger,117,Crime,6.6,Thomas M. Wright,Joel Edgerton,49,
,,,,,,,,
267,An Action Hero,130,Action,7.1,Anirudh Iyer,Ayushmann Khurrana,84,
,,,,,,,,
268,Arrival,116,Drama,7.9,Denis Villeneuve,Amy Adams,212,
,,,,,,,,
269,The Hobbit: An Unexpected Journey,169,Fantasy,7.8,Peter Jackson,Martin Freeman,237,
,,,,,,,,
270,Baywatch,116,Action,5.5,Seth Gordon,Dwayne Johnson,54,
,,,,,,,,
271,Mrs. Harris Goes to Paris,115,Comedy,7.1,Anthony Fabian,Lesley Manville,27,
,,,,,,,,
272,Me Before You,106,Drama,7.4,Thea Sharrock,Emilia Clarke,93,
,,,,,,,,
273,"Good Luck to You, Leo Grande",97,Comedy,7.2,Sophie Hyde,Emma Thompson,85,
,,,,,,,,
274,Spider-Man,121,Action,7.4,Sam Raimi,Tobey Maguire,234,
,,,,,,,,
275,Furious 7,137,Action,7.1,James Wan,Vin Diesel,142,
,,,,,,,,
276,Iron Man,126,Action,7.9,Jon Favreau,Robert Downey Jr.,2,
,,,,,,,,
277,House of Gucci,158,Biography,6.6,Ridley Scott,Lady Gaga,28,
,,,,,,,,
278,No Strings Attached,108,Comedy,6.2,Ivan Reitman,Natalie Portman,74,
,,,,,,,,
279,Weird: The Al Yankovic Story,108,Biography,7,Eric Appel,Diedrich Bader,88,
,,,,,,,,
280,The Hateful Eight,168,Crime,7.8,Quentin Tarantino,Samuel L. Jackson,197,
,,,,,,,,
281,Triple Frontier,125,Action,6.4,J.C. Chandor,Ben Affleck,21,
,,,,,,,,
282,Oblivion,124,Action,7,Joseph Kosinski,Tom Cruise,179,
,,,,,,,,
283,She's the Man,105,Comedy,6.3,Andy Fickman,Amanda Bynes,41,
,,,,,,,,
284,Enola Holmes 2,129,Action,6.7,Harry Bradbeer,Millie Bobby Brown,228,
,,,,,,,,
285,Spider-Man: Into the Spider-Verse,117,Animation,8.4,Bob Persichetti,Shameik Moore,181,
,,,,,,,,
286,Uncut Gems,135,Crime,7.4,Benny Safdie,Adam Sandler,110,
,,,,,,,,
287,Shang-Chi and the Legend of the Ten Rings,132,Action,7.4,Destin Daniel Cretton,Simu Liu,141,
,,,,,,,,
288,Sing,108,Animation,7.1,Garth Jennings,Matthew McConaughey,46,
,,,,,,,,
289,Halloween Ends,111,Horror,5,David Gordon Green,Jamie Lee Curtis,186,
,,,,,,,,
290,Ad Astra,123,Adventure,6.5,James Gray,Brad Pitt,81,
,,,,,,,,
291,Donnie Darko,113,Drama,8,Richard Kelly,Jake Gyllenhaal,231,
,,,,,,,,
292,Nymphomaniac: Vol. I,117,Drama,6.9,Lars von Trier,Charlotte Gainsbourg,17,
,,,,,,,,
293,Godzilla vs. Kong,113,Action,6.3,Adam Wingard,Alexander Skarsgård,66,
,,,,,,,,
294,The Killing of a Sacred Deer,121,Drama,7,Yorgos Lanthimos,Barry G. Bernson,38,
,,,,,,,,
295,Cars,117,Animation,7.2,John Lasseter,Owen Wilson,153,
,,,,,,,,
296,City of God,130,Crime,8.6,Fernando Meirelles,Alexandre Rodrigues,219,
,,,,,,,,
297,Knight and Day,109,Action,6.3,James Mangold,Tom Cruise,60,
,,,,,,,,
298,The Vow,104,Drama,6.8,Michael Sucsy,Rachel McAdams,57,
,,,,,,,,
299,Beauty and the Beast,129,Adventure,7.1,Bill Condon,Emma Watson,117,
,,,,,,,,
300,Batman Begins,140,Action,8.2,Christopher Nolan,Christian Bale,6,
,,,,,,,,
301,The Shape of Water,123,Drama,7.3,Guillermo del Toro,Sally Hawkins,151,
,,,,,,,,
302,The Father,97,Drama,8.2,Florian Zeller,Anthony Hopkins,39,
,,,,,,,,
303,The Perks of Being a Wallflower,103,Drama,7.9,Stephen Chbosky,Logan Lerman,177,
,,,,,,,,
304,Ex Machina,108,Drama,7.7,Alex Garland,Alicia Vikander,183,
,,,,,,,,
305,The Matrix Resurrections,148,Action,5.7,Lana Wachowski,Keanu Reeves,90,
,,,,,,,,
306,Emancipation,132,Action,6.1,Antoine Fuqua,Will Smith,61,
,,,,,,,,
307,Ghostbusters: Afterlife,124,Adventure,7.1,Jason Reitman,Carrie Coon,51,
,,,,,,,,
308,Shazam!,132,Action,7,David F. Sandberg,Zachary Levi,128,
,,,,,,,,
309,Vesper,114,Adventure,5.9,Kristina Buozyte,Raffiella Chapman,32,
,,,,,,,,
310,The Fate of the Furious,136,Action,6.6,F. Gary Gray,Vin Diesel,78,
,,,,,,,,
311,Brokeback Mountain,134,Drama,7.7,Ang Lee,Jake Gyllenhaal,131,
,,,,,,,,
312,There Will Be Blood,158,Drama,8.2,Paul Thomas Anderson,Daniel Day-Lewis,194,
,,,,,,,,
313,Closer,104,Drama,7.2,Mike Nichols,Natalie Portman,69,
,,,,,,,,
314,Ambulance,136,Action,6.1,Michael Bay,Jake Gyllenhaal,227,
,,,,,,,,
315,Casino Royale,144,Action,8,Martin Campbell,Daniel Craig,205,
,,,,,,,,
316,My Bloody Valentine,101,Horror,5.4,Patrick Lussier,Jensen Ackles,191,
,,,,,,,,
317,The Big Short,130,Biography,7.8,Adam McKay,Christian Bale,155,
,,,,,,,,
318,The Avengers,143,Action,8,Joss Whedon,Robert Downey Jr.,5,
,,,,,,,,
319,The Last Duel,152,Action,7.4,Ridley Scott,Matt Damon,40,
,,,,,,,,
320,Man of Steel,143,Action,7.1,Zack Snyder,Henry Cavill,225,
,,,,,,,,
321,Shrek,90,Animation,7.9,Andrew Adamson,Mike Myers,209,
,,,,,,,,
322,Tropic Thunder,107,Action,7.1,Ben Stiller,Ben Stiller,149,
,,,,,,,,
323,Ready Player One,140,Action,7.4,Steven Spielberg,Tye Sheridan,158,
,,,,,,,,
324,The French Dispatch,107,Comedy,7.1,Wes Anderson,Benicio Del Toro,18,
,,,,,,,,
325,The Hangover,100,Comedy,7.7,Todd Phillips,Zach Galifianakis,229,
,,,,,,,,
326,Murder Mystery,97,Action,6,Kyle Newacheck,Adam Sandler,22,
,,,,,,,,
327,White Chicks,109,Comedy,5.7,Keenen Ivory Wayans,Marlon Wayans,34,
,,,,,,,,
328,Nightmare Alley,150,Crime,7,Guillermo del Toro,Bradley Cooper,30,
,,,,,,,,
329,Vadh,110,Crime,7.1,Jaspal Singh Sandhu,Sanjay Mishra,113,
,,,,,,,,
330,Sweet Home Alabama,108,Comedy,6.2,Andy Tennant,Reese Witherspoon,14,
,,,,,,,,
331,Medieval,125,Action,5.9,Petr Jákl,Ben Foster,230,
,,,,,,,,
332,Ratatouille,111,Animation,8.1,Brad Bird,Brad Garrett,218,
,,,,,,,,
333,The Proposal,108,Comedy,6.7,Anne Fletcher,Sandra Bullock,122,
,,,,,,,,
334,A.I. Artificial Intelligence,146,Drama,7.2,Steven Spielberg,Haley Joel Osment,116,
,,,,,,,,
335,West Side Story,156,Crime,7.2,Steven Spielberg,Ansel Elgort,240,
,,,,,,,,
336,Black Widow,134,Action,6.7,Cate Shortland,Scarlett Johansson,139,
,,,,,,,,
337,The Pianist,150,Biography,8.5,Roman Polanski,Adrien Brody,239,
,,,,,,,,
338,The Equalizer,132,Action,7.2,Antoine Fuqua,Denzel Washington,133,
,,,,,,,,
339,Watchmen,162,Action,7.6,Zack Snyder,Jackie Earle Haley,184,
,,,,,,,,
340,Fast Five,130,Action,7.3,Justin Lin,Vin Diesel,138,
,,,,,,,,
341,"The Chronicles of Narnia: The Lion, the Witch and the Wardrobe",143,Adventure,6.9,Andrew Adamson,Tilda Swinton,145,
,,,,,,,,
342,Brimstone,148,Drama,7,Martin Koolhoven,Guy Pearce,147,
,,,,,,,,
343,The Hunt,115,Drama,8.3,Thomas Vinterberg,Mads Mikkelsen,123,
,,,,,,,,
344,Napoleon Dynamite,96,Comedy,6.9,Jared Hess,Jon Heder,70,
,,,,,,,,
345,Zootopia,108,Animation,8,Byron Howard,Ginnifer Goodwin,174,
,,,,,,,,
346,Portrait of a Lady on Fire,122,Drama,8.1,Céline Sciamma,Noémie Merlant,249,
,,,,,,,,
347,Kill Bill: Vol. 1,111,Action,8.2,Quentin Tarantino,Uma Thurman,3,
,,,,,,,,
348,500 Days of Summer,95,Comedy,7.7,Marc Webb,Zooey Deschanel,178,
,,,,,,,,
349,Cirkus,139,Comedy,5.2,Rohit Shetty,Deepika Padukone,65,
,,,,,,,,
350,Father Stu,124,Biography,6.5,Rosalind Ross,Mark Wahlberg,67,
,,,,,,,,
351,The Martian,144,Adventure,8,Ridley Scott,Matt Damon,243,
,,,,,,,,
352,Blue Valentine,112,Drama,7.3,Derek Cianfrance,Ryan Gosling,62,
,,,,,,,,
353,Wonder Woman 1984,151,Action,5.4,Patty Jenkins,Gal Gadot,100,
,,,,,,,,
354,Valentine,96,Horror,4.8,Jamie Blanks,Denise Richards,104,
,,,,,,,,
355,Murder on the Orient Express,114,Crime,6.5,Kenneth Branagh,Kenneth Branagh,94,
,,,,,,,,
356,Suspiria,152,Drama,6.7,Luca Guadagnino,Chloë Grace Moretz,233,
,,,,,,,,
357,Red Notice,118,Action,6.3,Rawson Marshall Thurber,Dwayne Johnson,105,
,,,,,,,,
358,Morbius,104,Action,5.2,Daniel Espinosa,Jared Leto,20,
,,,,,,,,
359,Room,118,Drama,8.1,Lenny Abrahamson,Brie Larson,150,
,,,,,,,,
360,World War Z,116,Action,7,Marc Forster,Brad Pitt,208,
,,,,,,,,
361,300,117,Action,7.6,Zack Snyder,Gerard Butler,235,
,,,,,,,,
362,Divergent,139,Action,6.6,Neil Burger,Shailene Woodley,165,
,,,,,,,,
363,28 Days Later,113,Drama,7.5,Danny Boyle,Cillian Murphy,148,
,,,,,,,,
364,The King,140,Biography,7.3,David Michôd,Tom Glynn-Carney,23,
,,,,,,,,
365,Star Wars: The Rise Of Skywalker,141,Action,6.5,J.J. Abrams,Daisy Ridley,162,
,,,,,,,,
366,Kung Fu Panda,92,Animation,7.6,Mark Osborne,Jack Black,168,
,,,,,,,,
367,Spoiler Alert,112,Comedy,7.2,Michael Showalter,Jim Parsons,112,
,,,,,,,,
368,Moana,107,Animation,7.6,Ron Clements,Auli'i Cravalho,127,
,,,,,,,,
369,"Argentina, 1985",140,Biography,7.6,Santiago Mitre,Ricardo Darín,53,
,,,,,,,,
370,Silver Linings Playbook,122,Comedy,7.7,David O. Russell,Bradley Cooper,214,
,,,,,,,,
371,Margin Call,107,Drama,7.1,J.C. Chandor,Zachary Quinto,24,
,,,,,,,,
372,Enola Holmes,123,Action,6.6,Harry Bradbeer,Millie Bobby Brown,59,
,,,,,,,,
373,The Judge,141,Crime,7.4,David Dobkin,Robert Downey Jr.,56,
,,,,,,,,
374,Troll,101,Action,5.8,Roar Uthaug,Ine Marie Wilmann,146,
,,,,,,,,
375,Training Day,122,Action,7.7,Antoine Fuqua,Denzel Washington,157,
,,,,,,,,
376,The Maze Runner,113,Action,6.8,Wes Ball,Dylan O'Brien,167,
,,,,,,,,
377,Mulholland Drive,147,Drama,7.9,David Lynch,Naomi Watts,130,
,,,,,,,,
378,Wind River,107,Crime,7.7,Taylor Sheridan,Elizabeth Olsen,91,
,,,,,,,,
379,American Hustle,138,Crime,7.2,David O. Russell,Christian Bale,171,
,,,,,,,,
380,Moonfall,130,Action,5.1,Roland Emmerich,Halle Berry,238,
,,,,,,,,
381,The Curious Case of Benjamin Button,166,Drama,7.8,David Fincher,Brad Pitt,203,
,,,,,,,,
382,Riddick,119,Action,6.4,David Twohy,Vin Diesel,45,
,,,,,,,,
383,Troy,163,Drama,7.3,Wolfgang Petersen,Brad Pitt,180,
,,,,,,,,
384,Thor,115,Action,7,Kenneth Branagh,Chris Hemsworth,242,
,,,,,,,,
385,Captain America: The First Avenger,124,Action,6.9,Joe Johnston,Chris Evans,241,
,,,,,,,,
386,Zoolander,90,Comedy,6.5,Ben Stiller,Ben Stiller,102,
,,,,,,,,
387,Shooter,124,Action,7.1,Antoine Fuqua,Mark Wahlberg,125,
,,,,,,,,
388,Palm Springs,90,Comedy,7.4,Max Barbakow,Andy Samberg,42,
,,,,,,,,
389,The Social Network,120,Biography,7.8,David Fincher,Jesse Eisenberg,213,
,,,,,,,,
390,Dark Waters,126,Biography,7.6,Todd Haynes,Mark Ruffalo,246,
,,,,,,,,
391,Lou,107,Action,6.1,Anna Foerster,Allison Janney,95,
,,,,,,,,
392,Jurassic World,124,Action,6.9,Colin Trevorrow,Chris Pratt,201,
,,,,,,,,
393,Annihilation,115,Adventure,6.8,Alex Garland,Natalie Portman,120,
,,,,,,,,
394,Turning Red,100,Animation,7,Domee Shi,Rosalie Chiang,19,
,,,,,,,,
395,Three Thousand Years of Longing,108,Drama,6.7,George Miller,Tilda Swinton,135,
,,,,,,,,
396,Possessor,103,Horror,6.5,Brandon Cronenberg,Andrea Riseborough,136,
,,,,,,,,
397,The Conjuring,112,Horror,7.5,James Wan,Patrick Wilson,175,
,,,,,,,,
398,The Intouchables,112,Biography,8.5,Olivier Nakache,François Cluzet,244,
,,,,,,,,
399,Into the Wild,148,Adventure,8.1,Sean Penn,Emile Hirsch,199,
,,,,,,,,
400,Thor: Ragnarok,130,Action,7.9,Taika Waititi,Chris Hemsworth,221,
,,,,,,,,
401,The Visit,94,Horror,6.2,M. Night Shyamalan,Olivia DeJonge,26,
,,,,,,,,
402,Howl's Moving Castle,119,Animation,8.2,Hayao Miyazaki,Chieko Baisho,144,
,,,,,,,,
403,Blue Is the Warmest Colour,180,Drama,7.7,Abdellatif Kechiche,Léa Seydoux,35,
,,,,,,,,
404,EO,88,Drama,6.8,Jerzy Skolimowski,Sandra Drzymalska,143,
,,,,,,,,
405,Idiocracy,84,Adventure,6.5,Mike Judge,Luke Wilson,43,
,,,,,,,,
406,Hamilton,160,Biography,8.4,Thomas Kail,Lin-Manuel Miranda,250,
,,,,,,,,
407,Fantastic Beasts and Where to Find Them,132,Adventure,7.2,David Yates,Eddie Redmayne,170,
,,,,,,,,
408,Signs,106,Drama,6.8,M. Night Shyamalan,Mel Gibson,132,
,,,,,,,,
409,Catherine Called Birdy,108,Adventure,6.6,Lena Dunham,Bella Ramsey,173,
,,,,,,,,
410,Inside Man,129,Crime,7.6,Spike Lee,Denzel Washington,134,
,,,,,,,,
411,Ready or Not,95,Action,6.8,Matt Bettinelli-Olpin,Samara Weaving,36,
,,,,,,,,
412,Hustle,117,Comedy,7.3,Jeremiah Zagar,Adam Sandler,16,
,,,,,,,,
413,Thirteen Lives,147,Action,7.8,Ron Howard,Viggo Mortensen,189,
,,,,,,,,
414,Star Wars: Episode VII - The Force Awakens,138,Action,7.8,J.J. Abrams,Daisy Ridley,248,
,,,,,,,,
415,The Man from U.N.C.L.E.,116,Action,7.2,Guy Ritchie,Henry Cavill,118,
,,,,,,,,
416,Gangs of New York,167,Crime,7.5,Martin Scorsese,Leonardo DiCaprio,159,
,,,,,,,,
417,Can You Keep a Secret?,94,Comedy,5.3,Elise Durán,Alexandra Daddario,48,
,,,,,,,,
418,The Lighthouse,109,Drama,7.4,Robert Eggers,Robert Pattinson,68,
,,,,,,,,
419,On the Line,104,Thriller,5.4,Romuald Boulanger,Mel Gibson,195,
,,,,,,,,
420,Run,90,Mystery,6.7,Aneesh Chaganty,Sarah Paulson,236,
,,,,,,,,
421,Scooby-Doo,86,Adventure,5.2,Raja Gosnell,Matthew Lillard,15,
,,,,,,,,
422,We're the Millers,110,Comedy,7,Rawson Marshall Thurber,Jason Sudeikis,161,
,,,,,,,,
423,The Revenant,156,Action,8,Alejandro G. Iñárritu,Leonardo DiCaprio,232,
,,,,,,,,
424,The Day After Tomorrow,124,Action,6.4,Roland Emmerich,Dennis Quaid,160,
,,,,,,,,
425,Emily,130,Biography,6.9,Frances O'Connor,Emma Mackey,114,
,,,,,,,,
426,21 Jump Street,109,Action,7.2,Phil Lord,Jonah Hill,187,
,,,,,,,,
427,Spider-Man: Homecoming,133,Action,7.4,Jon Watts,Tom Holland,206,
,,,,,,,,
428,Battleship,131,Action,5.8,Peter Berg,Alexander Skarsgård,89,
,,,,,,,,
429,Nocturnal Animals,116,Drama,7.5,Tom Ford,Amy Adams,107,
,,,,,,,,
430,The VVitch: A New-England Folktale,92,Drama,6.9,Robert Eggers,Anya Taylor-Joy,98,
,,,,,,,,
431,Captain Marvel,123,Action,6.8,Anna Boden,Brie Larson,188,
,,,,,,,,
432,Bros,115,Comedy,6.4,Nicholas Stoller,Billy Eichner,92,
,,,,,,,,
433,Thirteen,100,Drama,6.8,Catherine Hardwicke,Evan Rachel Wood,245,
,,,,,,,,
434,I Can Do Bad All by Myself,113,Comedy,4.6,Tyler Perry,Tyler Perry,8,
,,,,,,,,
435,Blended,117,Comedy,6.5,Frank Coraci,Adam Sandler,25,
,,,,,,,,
436,Sin City,124,Crime,8,Frank Miller,Mickey Rourke,224,
,,,,,,,,
437,Bardo: False Chronicle of a Handful of Truths,159,Comedy,6.8,Alejandro G. Iñárritu,Daniel Giménez Cacho,10,
,,,,,,,,
438,Pinocchio,105,Adventure,5,Robert Zemeckis,Joseph Gordon-Levitt,129,
,,,,,,,,
439,Vacation,99,Adventure,6.1,John Francis Daley,Ed Helms,13,
,,,,,,,,
440,Glass,129,Drama,6.6,M. Night Shyamalan,James McAvoy,82,
,,,,,,,,
441,Zodiac,157,Crime,7.7,David Fincher,Jake Gyllenhaal,182,
,,,,,,,,
442,A Quiet Place Part II,97,Drama,7.2,John Krasinski,Emily Blunt,79,
,,,,,,,,
443,The Girl Next Door,109,Comedy,6.7,Luke Greenfield,Emile Hirsch,71,
,,,,,,,,
444,Spiderhead,106,Action,5.4,Joseph Kosinski,Chris Hemsworth,192,
,,,,,,,,
445,Frozen,102,Animation,7.4,Chris Buck,Kristen Bell,200,
,,,,,,,,
446,Les Misérables,158,Drama,7.5,Tom Hooper,Hugh Jackman,121,
,,,,,,,,
447,Jumanji: Welcome to the Jungle,119,Action,6.9,Jake Kasdan,Dwayne Johnson,140,
,,,,,,,,
448,Hell or High Water,102,Crime,7.6,David Mackenzie,Chris Pine,77,
,,,,,,,,
449,Goodnight Mommy,92,Crime,5.6,Matt Sobel,Naomi Watts,9,
,,,,,,,,
450,Deep Water,115,Drama,5.4,Adrian Lyne,Ben Affleck,169,
,,,,,,,,
451,Mystic River,138,Crime,7.9,Clint Eastwood,Sean Penn,164,
,,,,,,,,
452,Little Children,137,Drama,7.5,Todd Field,Kate Winslet,11,
,,,,,,,,
453,Inheritance,111,Drama,5.5,Vaughn Stein,Lily Collins,37,
,,,,,,,,
454,Gerald's Game,103,Drama,6.5,Mike Flanagan,Carla Gugino,12,
,,,,,,,,
455,2012,158,Action,5.8,Roland Emmerich,John Cusack,137,
,,,,,,,,
456,Wonder,113,Drama,7.9,Stephen Chbosky,Jacob Tremblay,44,
,,,,,,,,
457,Operation Mincemeat,128,Drama,6.6,John Madden,Colin Firth,103,
,,,,,,,,
458,Disenchanted,119,Animation,5.6,Adam Shankman,Amy Adams,64,
,,,,,,,,
459,Lie with Me,93,Drama,5.2,Clement Virgo,Lauren Lee Smith,33,
,,,,,,,,
460,Secretary,107,Comedy,6.9,Steven Shainberg,James Spader,247,
,,,,,,,,
461,Inside Out,95,Animation,8.2,Pete Docter,Amy Poehler,215,
,,,,,,,,
462,The Fast and the Furious: Tokyo Drift,104,Action,6,Justin Lin,Lucas Black,101,
,,,,,,,,
463,The Swimmers,134,Biography,7.4,Sally El Hosaini,Matthias Schweighöfer,87,
,,,,,,,,
464,The People We Hate at the Wedding,99,Comedy,5.7,Claire Scanlon,Allison Janney,211,
,,,,,,,,
465,The Mummy,110,Action,5.4,Alex Kurtzman,Tom Cruise,55,
,,,,,,,,
466,Valerian and the City of a Thousand Planets,136,Action,6.4,Luc Besson,Dane DeHaan,50,
,,,,,,,,
467,The Platform,94,Horror,7,Galder Gaztelu-Urrutia,Ivan Massagué,75,
,,,,,,,,
468,Fresh,114,Horror,6.7,Mimi Cave,Daisy Edgar-Jones,193,
,,,,,,,,
469,The Devil Wears Prada,109,Comedy,6.9,David Frankel,Anne Hathaway,152,
,,,,,,,,
470,The Reader,124,Drama,7.6,Stephen Daldry,Kate Winslet,83,
,,,,,,,,
471,Memory,114,Action,5.7,Martin Campbell,Liam Neeson,96,
,,,,,,,,
472,Minority Report,145,Action,7.6,Steven Spielberg,Tom Cruise,185,
,,,,,,,,
473,Watcher,91,Drama,6.3,Chloe Okuno,Maika Monroe,97,
,,,,,,,,
474,Downton Abbey: A New Era,124,Drama,7.4,Simon Curtis,Hugh Bonneville,80,
,,,,,,,,
475,Up,96,Animation,8.3,Pete Docter,Edward Asner,1,
,,,,,,,,
476,Spotlight,129,Biography,8.1,Tom McCarthy,Mark Ruffalo,166,
,,,,,,,,
477,Fantastic Beasts: The Crimes of Grindelwald,134,Adventure,6.5,David Yates,Eddie Redmayne,109,
,,,,,,,,
478,Us,116,Horror,6.8,Jordan Peele,Lupita Nyong'o,115,
,,,,,,,,
479,Coco,105,Animation,8.4,Lee Unkrich,Anthony Gonzalez,176,
,,,,,,,,
480,Legend,132,Biography,6.9,Brian Helgeland,Tom Hardy,52,
,,,,,,,,
481,Logan,137,Action,8.1,James Mangold,Hugh Jackman,223,
,,,,,,,,
482,The Voyeurs,116,Drama,6,Michael Mohan,Sydney Sweeney,72,
,,,,,,,,
483,Doctor Sleep,152,Drama,7.3,Mike Flanagan,Ewan McGregor,58,
,,,,,,,,
484,Moneyball,133,Biography,7.6,Bennett Miller,Brad Pitt,154,
,,,,,,,,
485,Bridesmaids,125,Comedy,6.8,Paul Feig,Kristen Wiig,111,
,,,,,,,,
486,Orphan,123,Horror,7,Jaume Collet-Serra,Vera Farmiga,76,
,,,,,,,,
487,Amélie,122,Comedy,8.3,Jean-Pierre Jeunet,Audrey Tautou,220,
,,,,,,,,
488,How to Train Your Dragon,98,Animation,8.1,Dean DeBlois,Jay Baruchel,217,
,,,,,,,,
489,WALL·E,98,Animation,8.4,Andrew Stanton,Ben Burtt,4,
,,,,,,,,
490,The Imitation Game,114,Biography,8,Morten Tyldum,Benedict Cumberbatch,226,
,,,,,,,,
491,The Blind Side,129,Biography,7.6,John Lee Hancock,Quinton Aaron,124,
,,,,,,,,
492,Mad God,83,Animation,6.8,Phil Tippett,Alex Cox,7,
,,,,,,,,
493,Road to Perdition,117,Crime,7.7,Sam Mendes,Tom Hanks,99,
,,,,,,,,
494,After Ever Happy,95,Drama,4.5,Castille Landon,Josephine Langford,196,
,,,,,,,,
495,Army of the Dead,148,Action,5.7,Zack Snyder,Dave Bautista,47,
,,,,,,,,
496,The Adam Project,106,Action,6.7,Shawn Levy,Ryan Reynolds,63,
,,,,,,,,
497,National Treasure,131,Action,6.9,Jon Turteltaub,Nicolas Cage,126,
,,,,,,,,
498,Little Miss Sunshine,101,Comedy,7.8,Jonathan Dayton,Steve Carell,172,
,,,,,,,,
499,The Harder They Fall,139,Action,6.6,Jeymes Samuel,Jonathan Majors,202,
,,,,,,,,
500,Mother!,121,Drama,6.6,Darren Aronofsky,Jennifer Lawrence,73,
,,,,,,,,
501,Nightcrawler,117,Crime,7.8,Dan Gilroy,Jake Gyllenhaal,"558,463",
,,,,,,,,
502,Kick-Ass,117,Action,7.6,Matthew Vaughn,Aaron Taylor-Johnson,"569,321",
,,,,,,,,
503,Bohemian Rhapsody,134,Biography,7.9,Bryan Singer,Rami Malek,"546,786",
,,,,,,,,
504,The Girl Next Door,91,Crime,6.5,Gregory Wilson,William Atherton,"27,219",
,,,,,,,,
505,Den of Thieves,140,Action,7,Christian Gudegast,Gerard Butler,"115,386",
,,,,,,,,
506,The Ballad of Buster Scruggs,133,Comedy,7.3,Ethan Coen,Tim Blake Nelson,"152,264",
,,,,,,,,
507,Scream 4,111,Comedy,6.2,Wes Craven,Neve Campbell,"153,700",
,,,,,,,,
508,Pan's Labyrinth,118,Drama,8.2,Guillermo del Toro,Ivana Baquero,"674,665",
,,,,,,,,
509,The Nice Guys,116,Action,7.3,Shane Black,Russell Crowe,"335,536",
,,,,,,,,
510,Underwater,95,Action,5.8,William Eubank,Kristen Stewart,"85,750",
,,,,,,,,
511,Aladdin,128,Adventure,6.9,Guy Ritchie,Will Smith,"271,043",
,,,,,,,,
512,The Lion King,118,Animation,6.8,Jon Favreau,Donald Glover,"249,405",
,,,,,,,,
513,Speak No Evil,97,Drama,6.6,Christian Tafdrup,Morten Burian,"23,141",
,,,,,,,,
514,The Longest Yard,113,Comedy,6.4,Peter Segal,Adam Sandler,"183,713",
,,,,,,,,
515,Captain America: Civil War,147,Action,7.8,Anthony Russo,Chris Evans,"798,056",
,,,,,,,,
516,Revolutionary Road,119,Drama,7.3,Sam Mendes,Leonardo DiCaprio,"216,567",
,,,,,,,,
517,Bandit,126,Crime,6.4,Allan Ungar,Josh Duhamel,"6,565",
,,,,,,,,
518,Wedding Crashers,119,Comedy,7,David Dobkin,Owen Wilson,"361,482",
,,,,,,,,
519,A Man Called Ove,116,Comedy,7.7,Hannes Holm,Rolf Lassgård,"59,844",
,,,,,,,,
520,Grown Ups,102,Comedy,5.9,Dennis Dugan,Adam Sandler,"256,804",
,,,,,,,,
521,Red Sparrow,140,Action,6.6,Francis Lawrence,Jennifer Lawrence,"189,943",
,,,,,,,,
522,Easy A,92,Comedy,7,Will Gluck,Emma Stone,"396,534",
,,,,,,,,
523,My Policeman,113,Drama,6.5,Michael Grandage,Harry Styles,"16,640",
,,,,,,,,
524,Fifty Shades Freed,105,Drama,4.5,James Foley,Dakota Johnson,"67,863",
,,,,,,,,
525,El Camino: A Breaking Bad Movie,122,Action,7.3,Vince Gilligan,Aaron Paul,"258,463",
,,,,,,,,
526,Beautiful Boy,120,Biography,7.3,Felix van Groeningen,Steve Carell,"82,495",
,,,,,,,,
527,Children of Men,109,Action,7.9,Alfonso Cuarón,Julianne Moore,"506,012",
,,,,,,,,
528,The Power of the Dog,126,Drama,6.8,Jane Campion,Benedict Cumberbatch,"178,956",
,,,,,,,,
529,This Is the End,107,Comedy,6.6,Evan Goldberg,James Franco,"417,990",
,,,,,,,,
530,Jennifer's Body,102,Comedy,5.4,Karyn Kusama,Megan Fox,"138,896",
,,,,,,,,
531,Eat Pray Love,133,Biography,5.8,Ryan Murphy,Julia Roberts,"99,747",
,,,,,,,,
532,Tron: Legacy,125,Action,6.8,Joseph Kosinski,Jeff Bridges,"341,991",
,,,,,,,,
533,Room in Rome,107,Drama,6.1,Julio Medem,Elena Anaya,"24,813",
,,,,,,,,
534,The Devil All the Time,138,Crime,7.1,Antonio Campos,Bill Skarsgård,"139,000",
,,,,,,,,
535,The Butterfly Effect,113,Drama,7.6,Eric Bress,Ashton Kutcher,"496,009",
,,,,,,,,
536,Shrek 2,93,Animation,7.3,Andrew Adamson,Mike Myers,"472,998",
,,,,,,,,
537,Tusk,102,Comedy,5.3,Kevin Smith,Justin Long,"56,893",
,,,,,,,,
538,Justice League,120,Action,6.1,Zack Snyder,Ben Affleck,"457,959",
,,,,,,,,
539,Iron Man Three,130,Action,7.1,Shane Black,Robert Downey Jr.,"858,906",
,,,,,,,,
540,Star Trek,127,Action,7.9,J.J. Abrams,Chris Pine,"607,150",
,,,,,,,,
541,Terrifier,85,Horror,5.6,Damien Leone,Jenna Kanell,"38,436",
,,,,,,,,
542,Charlie and the Chocolate Factory,115,Adventure,6.7,Tim Burton,Johnny Depp,"490,098",
,,,,,,,,
543,Birds of Prey,109,Action,6,Cathy Yan,Margot Robbie,"244,120",
,,,,,,,,
544,Love & Other Drugs,112,Comedy,6.7,Edward Zwick,Jake Gyllenhaal,"207,989",
,,,,,,,,
545,The Passion of the Christ,127,Drama,7.2,Mel Gibson,Jim Caviezel,"234,314",
,,,,,,,,
546,2 Fast 2 Furious,107,Action,5.9,John Singleton,Paul Walker,"278,512",
,,,,,,,,
547,The Mist,126,Horror,7.1,Frank Darabont,Thomas Jane,"317,080",
,,,,,,,,
548,Sonic the Hedgehog 2,122,Action,6.5,Jeff Fowler,James Marsden,"70,375",
,,,,,,,,
549,How to Lose a Guy in 10 Days,116,Comedy,6.4,Donald Petrie,Kate Hudson,"246,570",
,,,,,,,,
550,Walk the Line,136,Biography,7.8,James Mangold,Joaquin Phoenix,"254,661",
,,,,,,,,
551,The Impossible,114,Adventure,7.5,J.A. Bayona,Naomi Watts,"227,930",
,,,,,,,,
552,Rogue Agent,115,Drama,6.4,Declan Lawn,James Norton,"7,613",
,,,,,,,,
553,God's Crooked Lines,154,Drama,7,Oriol Paulo,Bárbara Lennie,"13,924",
,,,,,,,,
554,Your Name.,106,Animation,8.4,Makoto Shinkai,Ryûnosuke Kamiki,"275,258",
,,,,,,,,
555,3 Idiots,170,Comedy,8.4,Rajkumar Hirani,Aamir Khan,"405,086",
,,,,,,,,
556,Hellraiser,121,Horror,6,David Bruckner,Odessa A’zion,"38,039",
,,,,,,,,
557,6 Underground,128,Action,6.1,Michael Bay,Ryan Reynolds,"181,439",
,,,,,,,,
558,The Girl with the Dragon Tattoo,158,Crime,7.8,David Fincher,Daniel Craig,"469,381",
,,,,,,,,
559,Monamour,104,Drama,5.2,Tinto Brass,Anna Jimskaia,"5,655",
,,,,,,,,
560,Forgetting Sarah Marshall,111,Comedy,7.1,Nicholas Stoller,Kristen Bell,"289,291",
,,,,,,,,
561,The Girl on the Train,112,Crime,6.5,Tate Taylor,Emily Blunt,"190,448",
,,,,,,,,
562,Dog,101,Comedy,6.5,Reid Carolin,Channing Tatum,"38,196",
,,,,,,,,
563,The Square,151,Comedy,7.1,Ruben Östlund,Claes Bang,"69,870",
,,,,,,,,
564,Hannibal,131,Crime,6.8,Ridley Scott,Anthony Hopkins,"279,491",
,,,,,,,,
565,Batman v Superman: Dawn of Justice,151,Action,6.4,Zack Snyder,Ben Affleck,"705,557",
,,,,,,,,
566,Vicky Cristina Barcelona,96,Comedy,7.1,Woody Allen,Rebecca Hall,"259,335",
,,,,,,,,
567,Fast & Furious Presents: Hobbs & Shaw,137,Action,6.5,David Leitch,Dwayne Johnson,"217,174",
,,,,,,,,
568,A Beautiful Mind,135,Biography,8.2,Ron Howard,Russell Crowe,"940,020",
,,,,,,,,
569,In the Tall Grass,101,Horror,5.4,Vincenzo Natali,Laysla De Oliveira,"58,381",
,,,,,,,,
570,Martyrs,99,Horror,7,Pascal Laugier,Morjana Alaoui,"97,744",
,,,,,,,,
571,Not Another Teen Movie,89,Comedy,5.7,Joel Gallen,Chyler Leigh,"108,318",
,,,,,,,,
572,The Aviator,170,Biography,7.5,Martin Scorsese,Leonardo DiCaprio,"367,020",
,,,,,,,,
573,The 40-Year-Old Virgin,116,Comedy,7.1,Judd Apatow,Steve Carell,"444,712",
,,,,,,,,
574,Alita: Battle Angel,122,Action,7.3,Robert Rodriguez,Rosa Salazar,"274,007",
,,,,,,,,
575,Moulin Rouge!,127,Drama,7.6,Baz Luhrmann,Nicole Kidman,"288,756",
,,,,,,,,
576,Nomadland,107,Drama,7.3,Chloé Zhao,Frances McDormand,"165,724",
,,,,,,,,
577,The Secret: Dare to Dream,107,Drama,6.5,Andy Tennant,Katie Holmes,"14,953",
,,,,,,,,
578,Wonder Woman,141,Action,7.4,Patty Jenkins,Gal Gadot,"665,805",
,,,,,,,,
579,47 Meters Down: Uncaged,90,Adventure,5,Johannes Roberts,Sophie Nélisse,"27,609",
,,,,,,,,
580,Lady Bird,94,Comedy,7.4,Greta Gerwig,Saoirse Ronan,"297,871",
,,,,,,,,
581,Finding Nemo,100,Animation,8.2,Andrew Stanton,Albert Brooks,"1,053,123",
,,,,,,,,
582,Crash,112,Crime,7.8,Paul Haggis,Don Cheadle,"439,584",
,,,,,,,,
583,Avengers: Age of Ultron,141,Action,7.3,Joss Whedon,Robert Downey Jr.,"873,022",
,,,,,,,,
584,Black Hawk Down,144,Action,7.7,Ridley Scott,Josh Hartnett,"402,005",
,,,,,,,,
585,Tangled,100,Animation,7.7,Nathan Greno,Mandy Moore,"461,342",
,,,,,,,,
586,I Know Who Killed Me,105,Horror,3.6,Chris Sivertson,Lindsay Lohan,"30,105",
,,,,,,,,
587,Aquaman,143,Action,6.8,James Wan,Jason Momoa,"482,007",
,,,,,,,,
588,Jack Reacher,130,Action,7,Christopher McQuarrie,Tom Cruise,"346,498",
,,,,,,,,
589,12 Years a Slave,134,Biography,8.1,Steve McQueen,Chiwetel Ejiofor,"707,696",
,,,,,,,,
590,Swiss Army Man,97,Comedy,6.9,Dan Kwan,Paul Dano,"125,286",
,,,,,,,,
591,Brothers,105,Drama,7.1,Jim Sheridan,Jake Gyllenhaal,"132,564",
,,,,,,,,
592,The Lovely Bones,135,Drama,6.6,Peter Jackson,Rachel Weisz,"172,231",
,,,,,,,,
593,The Town,125,Crime,7.5,Ben Affleck,Ben Affleck,"396,682",
,,,,,,,,
594,DC League of Super-Pets,105,Animation,7.2,Jared Stern,Dwayne Johnson,"66,193",
,,,,,,,,
595,Purple Hearts,122,Drama,6.7,Elizabeth Allen Rosenbaum,Sofia Carson,"40,088",
,,,,,,,,
596,Prospect,100,Adventure,6.3,Christopher Caldwell,Sophie Thatcher,"29,220",
,,,,,,,,
597,13 Hours,144,Action,7.3,Michael Bay,John Krasinski,"147,284",
,,,,,,,,
598,Furious 6,130,Action,7,Justin Lin,Vin Diesel,"398,983",
,,,,,,,,
599,The Village,108,Drama,6.6,M. Night Shyamalan,Sigourney Weaver,"265,802",
,,,,,,,,
600,Constantine,121,Action,7,Francis Lawrence,Keanu Reeves,"352,466",
,,,,,,,,
601,Hercules,98,Action,6,Brett Ratner,Dwayne Johnson,"158,634",
,,,,,,,,
602,Train to Busan,118,Action,7.6,Sang-ho Yeon,Gong Yoo,"227,948",
,,,,,,,,
603,Slumberland,117,Adventure,6.7,Francis Lawrence,Jason Momoa,"23,494",
,,,,,,,,
604,Pearl Harbor,183,Action,6.2,Michael Bay,Ben Affleck,"337,359",
,,,,,,,,
605,Cruella,134,Adventure,7.3,Craig Gillespie,Emma Stone,"239,087",
,,,,,,,,
606,Okja,120,Action,7.3,Bong Joon Ho,Tilda Swinton,"124,379",
,,,,,,,,
607,The Hobbit: The Battle of the Five Armies,144,Adventure,7.4,Peter Jackson,Ian McKellen,"540,700",
,,,,,,,,
608,Mamma Mia!,108,Comedy,6.5,Phyllida Lloyd,Meryl Streep,"251,863",
,,,,,,,,
609,Gifted,101,Drama,7.6,Marc Webb,Chris Evans,"119,823",
,,,,,,,,
610,I Spit on Your Grave,108,Horror,6.2,Steven R. Monroe,Sarah Butler,"86,499",
,,,,,,,,
611,Grown Ups 2,101,Comedy,5.3,Dennis Dugan,Adam Sandler,"158,065",
,,,,,,,,
612,Underworld,121,Action,7,Len Wiseman,Kate Beckinsale,"274,199",
,,,,,,,,
613,The Incredibles,115,Animation,8,Brad Bird,Craig T. Nelson,"748,073",
,,,,,,,,
614,Cashback,102,Comedy,7.1,Sean Ellis,Sean Biggerstaff,"88,350",
,,,,,,,,
615,A Knight's Tale,132,Action,6.9,Brian Helgeland,Heath Ledger,"190,795",
,,,,,,,,
616,The Pursuit of Happyness,117,Biography,8,Gabriele Muccino,Will Smith,"521,308",
,,,,,,,,
617,50 First Dates,99,Comedy,6.8,Peter Segal,Adam Sandler,"361,564",
,,,,,,,,
618,The Guilty,90,Crime,6.3,Antoine Fuqua,Jake Gyllenhaal,"130,237",
,,,,,,,,
619,Skyfall,143,Action,7.8,Sam Mendes,Daniel Craig,"703,703",
,,,,,,,,
620,Law Abiding Citizen,109,Action,7.4,F. Gary Gray,Gerard Butler,"302,772",
,,,,,,,,
621,The Hobbit: The Desolation of Smaug,161,Fantasy,7.8,Peter Jackson,Ian McKellen,"671,557",
,,,,,,,,
622,The Tomorrow War,138,Action,6.5,Chris McKay,Chris Pratt,"209,684",
,,,,,,,,
623,Kingdom of Heaven,144,Action,7.2,Ridley Scott,Orlando Bloom,"293,471",
,,,,,,,,
624,Ocean's Eleven,116,Crime,7.7,Steven Soderbergh,George Clooney,"583,242",
,,,,,,,,
625,Mr. Harrigan's Phone,104,Drama,6,John Lee Hancock,Donald Sutherland,"31,660",
,,,,,,,,
626,And Your Mother Too,106,Drama,7.7,Alfonso Cuarón,Maribel Verdú,"124,716",
,,,,,,,,
627,Corsage,114,Biography,6.7,Marie Kreutzer,Vicky Krieps,"5,619",
,,,,,,,,
628,Terminator: Dark Fate,128,Action,6.2,Tim Miller,Linda Hamilton,"181,512",
,,,,,,,,
629,Alien: Covenant,122,Horror,6.4,Ridley Scott,Michael Fassbender,"286,033",
,,,,,,,,
630,The Meg,113,Action,5.6,Jon Turteltaub,Jason Statham,"174,906",
,,,,,,,,
631,In Time,109,Action,6.7,Andrew Niccol,Justin Timberlake,"417,748",
,,,,,,,,
632,Memories of Murder,132,Crime,8.1,Bong Joon Ho,Song Kang-ho,"189,961",
,,,,,,,,
633,Bird Box,124,Horror,6.6,Susanne Bier,Sandra Bullock,"350,735",
,,,,,,,,
634,The Human Centipede (First Sequence),92,Horror,4.4,Tom Six,Dieter Laser,"81,134",
,,,,,,,,
635,Manchester by the Sea,137,Drama,7.8,Kenneth Lonergan,Casey Affleck,"288,545",
,,,,,,,,
636,After We Collided,105,Drama,5,Roger Kumble,Josephine Langford,"33,416",
,,,,,,,,
637,The Bourne Identity,119,Action,7.9,Doug Liman,Franka Potente,"552,753",
,,,,,,,,
638,Death Proof,127,Action,7,Quentin Tarantino,Kurt Russell,"296,383",
,,,,,,,,
639,Day Shift,113,Action,6.1,J.J. Perry,Jamie Foxx,"79,637",
,,,,,,,,
640,Drishyam 2,140,Crime,8.3,Abhishek Pathak,Ajay Devgn,"32,131",
,,,,,,,,
641,Ocean's Eight,110,Action,6.3,Gary Ross,Sandra Bullock,"224,640",
,,,,,,,,
642,Moonlight,111,Drama,7.4,Barry Jenkins,Mahershala Ali,"313,286",
,,,,,,,,
643,The Best of Me,118,Drama,6.6,Michael Hoffman,James Marsden,"74,012",
,,,,,,,,
644,Indiana Jones and the Kingdom of the Crystal Skull,122,Action,6.2,Steven Spielberg,Harrison Ford,"460,335",
,,,,,,,,
645,The Legend of Tarzan,110,Action,6.2,David Yates,Alexander Skarsgård,"179,654",
,,,,,,,,
646,Stardust,127,Adventure,7.6,Matthew Vaughn,Charlie Cox,"275,586",
,,,,,,,,
647,Holy Spider,118,Crime,7.3,Ali Abbasi,Mehdi Bajestani,"13,072",
,,,,,,,,
648,Pirates of the Caribbean: Dead Men Tell No Tales,129,Action,6.5,Joachim Rønning,Johnny Depp,"318,305",
,,,,,,,,
649,Percy Jackson & the Olympians: The Lightning Thief,118,Adventure,5.8,Chris Columbus,Logan Lerman,"192,017",
,,,,,,,,
650,Unfaithful,124,Drama,6.7,Adrian Lyne,Richard Gere,"91,681",
,,,,,,,,
651,Star Wars: Episode VIII - The Last Jedi,152,Action,6.9,Rian Johnson,Daisy Ridley,"639,316",
,,,,,,,,
652,The Forgotten Battle,124,Drama,7.1,Matthijs van Heijningen Jr.,Gijs Blom,"32,315",
,,,,,,,,
653,The Descent,99,Adventure,7.2,Neil Marshall,Shauna Macdonald,"229,938",
,,,,,,,,
654,Fifty Shades Darker,118,Drama,4.6,James Foley,Dakota Johnson,"104,948",
,,,,,,,,
655,Bad Boys for Life,124,Action,6.5,Adil El Arbi,Will Smith,"164,099",
,,,,,,,,
656,Crisis,118,Drama,6.2,Nicholas Jarecki,Gary Oldman,"11,662",
,,,,,,,,
657,Jungle,115,Action,6.7,Greg McLean,Daniel Radcliffe,"58,747",
,,,,,,,,
658,Do Revenge,118,Comedy,6.3,Jennifer Kaytin Robinson,Camila Mendes,"40,793",
,,,,,,,,
659,"Monsters, Inc.",92,Animation,8.1,Pete Docter,Billy Crystal,"918,776",
,,,,,,,,
660,Mission: Impossible - Rogue Nation,131,Action,7.4,Christopher McQuarrie,Tom Cruise,"379,066",
,,,,,,,,
661,Enchanted,107,Animation,7.1,Kevin Lima,Amy Adams,"208,398",
,,,,,,,,
662,Love and Monsters,109,Action,6.9,Michael Matthews,Dylan O'Brien,"131,482",
,,,,,,,,
663,Toy Story 4,100,Animation,7.7,Josh Cooley,Tom Hanks,"256,291",
,,,,,,,,
664,Brian and Charles,90,Comedy,6.7,Jim Archer,David Earl,"5,232",
,,,,,,,,
665,He's Just Not That Into You,129,Comedy,6.4,Ken Kwapis,Ginnifer Goodwin,"176,150",
,,,,,,,,
666,The Mummy Returns,130,Action,6.4,Stephen Sommers,Brendan Fraser,"330,785",
,,,,,,,,
667,Prey for the Devil,93,Horror,5.2,Daniel Stamm,Jacqueline Byers,"10,605",
,,,,,,,,
668,"I, Robot",115,Action,7.1,Alex Proyas,Will Smith,"547,834",
,,,,,,,,
669,Project X,88,Comedy,6.6,Nima Nourizadeh,Thomas Mann,"215,445",
,,,,,,,,
670,White House Down,131,Action,6.3,Roland Emmerich,Channing Tatum,"225,813",
,,,,,,,,
671,BlacKkKlansman,135,Biography,7.5,Spike Lee,John David Washington,"269,549",
,,,,,,,,
672,The Place Beyond the Pines,140,Crime,7.3,Derek Cianfrance,Ryan Gosling,"273,441",
,,,,,,,,
673,Zombieland,88,Action,7.6,Ruben Fleischer,Jesse Eisenberg,"586,218",
,,,,,,,,
674,Saw,103,Horror,7.6,James Wan,Cary Elwes,"428,694",
,,,,,,,,
675,The Many Saints of Newark,120,Crime,6.3,Alan Taylor,Alessandro Nivola,"56,208",
,,,,,,,,
676,Another Round,117,Comedy,7.7,Thomas Vinterberg,Mads Mikkelsen,"166,525",
,,,,,,,,
677,Life,104,Horror,6.6,Daniel Espinosa,Jake Gyllenhaal,"236,014",
,,,,,,,,
678,The Hunger Games: Mockingjay - Part 2,137,Action,6.5,Francis Lawrence,Jennifer Lawrence,"334,264",
,,,,,,,,
679,V for Vendetta,132,Action,8.2,James McTeigue,Hugo Weaving,"1,130,072",
,,,,,,,,
680,P.S. I Love You,126,Comedy,7,Richard LaGravenese,Hilary Swank,"212,735",
,,,,,,,,
681,Birth,100,Drama,6.2,Jonathan Glazer,Nicole Kidman,"37,530",
,,,,,,,,
682,Warrior,140,Action,8.2,Gavin O'Connor,Tom Hardy,"477,181",
,,,,,,,,
683,Marriage Story,137,Drama,7.9,Noah Baumbach,Adam Driver,"317,476",
,,,,,,,,
684,Belfast,98,Biography,7.3,Kenneth Branagh,Jude Hill,"77,984",
,,,,,,,,
685,Mission: Impossible - Ghost Protocol,132,Action,7.4,Brad Bird,Tom Cruise,"496,343",
,,,,,,,,
686,The Girl in the Spider's Web,115,Action,6.1,Fede Alvarez,Claire Foy,"48,879",
,,,,,,,,
687,The House That Jack Built,152,Crime,6.8,Lars von Trier,Matt Dillon,"80,028",
,,,,,,,,
688,The Chronicles of Riddick,119,Action,6.6,David Twohy,Vin Diesel,"232,413",
,,,,,,,,
689,The Lives of Others,137,Drama,8.4,Florian Henckel von Donnersmarck,Ulrich Mühe,"392,750",
,,,,,,,,
690,Redeeming Love,134,Drama,6.7,D.J. Caruso,Abigail Cowen,"8,494",
,,,,,,,,
691,It Chapter Two,169,Drama,6.5,Andy Muschietti,Jessica Chastain,"272,520",
,,,,,,,,
692,Star Trek Beyond,122,Action,7,Justin Lin,Chris Pine,"249,299",
,,,,,,,,
693,Jumanji: The Next Level,123,Action,6.7,Jake Kasdan,Dwayne Johnson,"257,008",
,,,,,,,,
694,Taken,90,Action,7.8,Pierre Morel,Liam Neeson,"609,162",
,,,,,,,,
695,Wet Hot American Summer,97,Comedy,6.5,David Wain,Janeane Garofalo,"58,681",
,,,,,,,,
696,Bad Times at the El Royale,141,Crime,7.1,Drew Goddard,Jeff Bridges,"153,732",
,,,,,,,,
697,Phantom Thread,130,Drama,7.4,Paul Thomas Anderson,Vicky Krieps,"135,889",
,,,,,,,,
698,Men in Black 3,106,Action,6.8,Barry Sonnenfeld,Will Smith,"368,557",
,,,,,,,,
699,Blacklight,104,Action,4.8,Mark Williams,Liam Neeson,"19,927",
,,,,,,,,
700,The Secret Life of Walter Mitty,114,Adventure,7.3,Ben Stiller,Ben Stiller,"322,675",
,,,,,,,,
701,Dawn of the Dead,101,Action,7.3,Zack Snyder,Sarah Polley,"259,525",
,,,,,,,,
702,Eden Lake,91,Horror,6.7,James Watkins,Kelly Reilly,"87,513",
,,,,,,,,
703,Samaritan,102,Action,5.7,Julius Avery,Sylvester Stallone,"47,854",
,,,,,,,,
704,Sleeping Beauty,101,Drama,5.3,Julia Leigh,Emily Browning,"33,289",
,,,,,,,,
705,Incendies,131,Drama,8.3,Denis Villeneuve,Lubna Azabal,"180,646",
,,,,,,,,
706,Lost in Translation,102,Comedy,7.7,Sofia Coppola,Bill Murray,"461,337",
,,,,,,,,
707,Gone Baby Gone,114,Crime,7.6,Ben Affleck,Morgan Freeman,"276,947",
,,,,,,,,
708,Doctor Strange,115,Action,7.5,Scott Derrickson,Benedict Cumberbatch,"752,869",
,,,,,,,,
709,Star Wars: Episode III - Revenge of the Sith,140,Action,7.6,George Lucas,Hayden Christensen,"800,507",
,,,,,,,,
710,Desire,103,Drama,5.4,Laurent Bouhnik,Déborah Révy,"7,856",
,,,,,,,,
711,The Princess and the Frog,97,Animation,7.1,Ron Clements,Anika Noni Rose,"150,105",
,,,,,,,,
712,Vanilla Sky,136,Fantasy,6.9,Cameron Crowe,Tom Cruise,"272,422",
,,,,,,,,
713,"Love, Rosie",102,Comedy,7.1,Christian Ditter,Lily Collins,"144,655",
,,,,,,,,
714,The King's Speech,118,Biography,8,Tom Hooper,Colin Firth,"686,119",
,,,,,,,,
715,Nymphomaniac: Vol. II,124,Drama,6.6,Lars von Trier,Charlotte Gainsbourg,"94,232",
,,,,,,,,
716,Sex and Lucía,128,Drama,7,Julio Medem,Paz Vega,"37,472",
,,,,,,,,
717,The Change-Up,112,Comedy,6.3,David Dobkin,Jason Bateman,"186,892",
,,,,,,,,
718,Knock Knock,99,Crime,4.9,Eli Roth,Keanu Reeves,"97,116",
,,,,,,,,
719,Transformers: The Last Knight,154,Action,5.2,Michael Bay,Mark Wahlberg,"155,452",
,,,,,,,,
720,Above Suspicion,104,Action,5.7,Phillip Noyce,Emilia Clarke,"6,603",
,,,,,,,,
721,8 Mile,110,Drama,7.2,Curtis Hanson,Eminem,"296,569",
,,,,,,,,
722,Burnt,101,Comedy,6.6,John Wells,Bradley Cooper,"122,725",
,,,,,,,,
723,The Accountant,128,Action,7.3,Gavin O'Connor,Ben Affleck,"300,683",
,,,,,,,,
724,Oldboy,104,Action,5.8,Spike Lee,Josh Brolin,"77,495",
,,,,,,,,
725,Significant Other,84,Drama,5.7,Dan Berk,Maika Monroe,"7,704",
,,,,,,,,
726,EuroTrip,92,Comedy,6.6,Jeff Schaffer,Scott Mechlowicz,"212,740",
,,,,,,,,
727,Juno,96,Comedy,7.5,Jason Reitman,Elliot Page,"528,217",
,,,,,,,,
728,Bridge to Terabithia,96,Drama,7.2,Gabor Csupo,Josh Hutcherson,"161,306",
,,,,,,,,
729,Solo: A Star Wars Story,135,Action,6.9,Ron Howard,Alden Ehrenreich,"353,773",
,,,,,,,,
730,Step Brothers,98,Comedy,6.9,Adam McKay,Will Ferrell,"301,057",
,,,,,,,,
731,Ted,106,Comedy,6.9,Seth MacFarlane,Mark Wahlberg,"622,393",
,,,,,,,,
732,The Equalizer 2,121,Action,6.7,Antoine Fuqua,Denzel Washington,"164,674",
,,,,,,,,
733,Downfall,156,Biography,8.2,Oliver Hirschbiegel,Bruno Ganz,"358,928",
,,,,,,,,
734,Bone Tomahawk,132,Drama,7.1,S. Craig Zahler,Kurt Russell,"105,201",
,,,,,,,,
735,Soul,100,Animation,8,Pete Docter,Jamie Foxx,"336,976",
,,,,,,,,
736,Seven Psychopaths,110,Comedy,7.1,Martin McDonagh,Colin Farrell,"262,852",
,,,,,,,,
737,San Andreas,114,Action,6.1,Brad Peyton,Dwayne Johnson,"242,440",
,,,,,,,,
738,Jurassic World: Fallen Kingdom,128,Action,6.1,J.A. Bayona,Chris Pratt,"322,196",
,,,,,,,,
739,Mid90s,85,Comedy,7.3,Jonah Hill,Sunny Suljic,"68,629",
,,,,,,,,
740,The Old Guard,125,Action,6.6,Gina Prince-Bythewood,Charlize Theron,"169,370",
,,,,,,,,
741,The Hunger Games: Mockingjay - Part 1,123,Action,6.6,Francis Lawrence,Jennifer Lawrence,"462,830",
,,,,,,,,
742,Polar,118,Action,6.3,Jonas Åkerlund,Mads Mikkelsen,"92,462",
,,,,,,,,
743,Argo,120,Biography,7.7,Ben Affleck,Ben Affleck,"619,594",
,,,,,,,,
744,Despicable Me,95,Animation,7.6,Pierre Coffin,Steve Carell,"554,123",
,,,,,,,,
745,A Beautiful Day in the Neighborhood,109,Biography,7.2,Marielle Heller,Matthew Rhys,"82,555",
,,,,,,,,
746,Spectre,148,Action,6.8,Sam Mendes,Daniel Craig,"446,338",
,,,,,,,,
747,Night at the Museum,108,Adventure,6.4,Shawn Levy,Ben Stiller,"355,679",
,,,,,,,,
748,Marry Me,112,Comedy,6.1,Kat Coiro,Jennifer Lopez,"34,221",
,,,,,,,,
749,X-Men: Apocalypse,144,Action,6.9,Bryan Singer,James McAvoy,"440,840",
,,,,,,,,
750,I Came By,110,Thriller,6.1,Babak Anvari,Antonio Aakeel,"27,304",
,,,,,,,,
751,Predestination,97,Action,7.4,Michael Spierig,Ethan Hawke,"287,604",
,,,,,,,,
752,Enough,115,Crime,5.7,Michael Apted,Jennifer Lopez,"44,992",
,,,,,,,,
753,Dodgeball: A True Underdog Story,92,Comedy,6.7,Rawson Marshall Thurber,Ben Stiller,"254,666",
,,,,,,,,
754,Fantastic Mr. Fox,87,Animation,7.9,Wes Anderson,George Clooney,"238,522",
,,,,,,,,
755,Old Henry,99,Action,7.2,Potsy Ponciroli,Tim Blake Nelson,"28,199",
,,,,,,,,
756,Freaky,102,Comedy,6.3,Christopher Landon,Vince Vaughn,"61,876",
,,,,,,,,
757,The Phantom of the Opera,143,Drama,7.2,Joel Schumacher,Gerard Butler,"125,207",
,,,,,,,,
758,Sahara,124,Action,6,Breck Eisner,Matthew McConaughey,"99,675",
,,,,,,,,
759,Bombshell,109,Biography,6.8,Jay Roach,Charlize Theron,"118,068",
,,,,,,,,
760,Captain America: The Winter Soldier,136,Action,7.8,Anthony Russo,Chris Evans,"854,956",
,,,,,,,,
761,Senior Year,111,Comedy,5.5,Alex Hardcastle,Rebel Wilson,"39,363",
,,,,,,,,
762,Now You See Me 2,129,Action,6.4,Jon M. Chu,Jesse Eisenberg,"297,009",
,,,,,,,,
763,Cinderella,105,Adventure,6.9,Kenneth Branagh,Lily James,"180,337",
,,,,,,,,
764,Hot Fuzz,121,Action,7.8,Edgar Wright,Simon Pegg,"511,531",
,,,,,,,,
765,10 Cloverfield Lane,103,Drama,7.2,Dan Trachtenberg,John Goodman,"334,658",
,,,,,,,,
766,Spider-Man: Far from Home,129,Action,7.4,Jon Watts,Tom Holland,"503,030",
,,,,,,,,
767,The Favourite,119,Biography,7.5,Yorgos Lanthimos,Olivia Colman,"204,701",
,,,,,,,,
768,Sherlock Holmes,128,Action,7.6,Guy Ritchie,Robert Downey Jr.,"641,536",
,,,,,,,,
769,Before Sunset,80,Drama,8.1,Richard Linklater,Ethan Hawke,"269,102",
,,,,,,,,
770,Super 8,112,Action,7,J.J. Abrams,Elle Fanning,"357,239",
,,,,,,,,
771,King Kong,187,Action,7.2,Peter Jackson,Naomi Watts,"429,018",
,,,,,,,,
772,Spin Me Round,104,Comedy,5.2,Jeff Baena,Alison Brie,"3,029",
,,,,,,,,
773,Spencer,117,Biography,6.6,Pablo Larraín,Kristen Stewart,"70,539",
,,,,,,,,
774,Dogtooth,97,Drama,7.2,Yorgos Lanthimos,Christos Stergioglou,"99,005",
,,,,,,,,
775,It Follows,100,Horror,6.8,David Robert Mitchell,Maika Monroe,"248,356",
,,,,,,,,
776,Warcraft,123,Action,6.7,Duncan Jones,Travis Fimmel,"267,569",
,,,,,,,,
777,The Da Vinci Code,149,Mystery,6.6,Ron Howard,Tom Hanks,"439,060",
,,,,,,,,
778,Army of Thieves,127,Action,6.4,Matthias Schweighöfer,Matthias Schweighöfer,"79,895",
,,,,,,,,
779,R.I.P.D. 2: Rise of the Damned,102,Action,4.5,Paul Leyden,Jeffrey Donovan,"3,470",
,,,,,,,,
780,Fantastic Four,100,Action,4.3,Josh Trank,Miles Teller,"169,739",
,,,,,,,,
781,Kong: Skull Island,118,Action,6.6,Jordan Vogt-Roberts,Tom Hiddleston,"324,736",
,,,,,,,,
782,Something in the Dirt,116,Comedy,5.9,Justin Benson,Aaron Moorhead,"3,033",
,,,,,,,,
783,The Greatest Beer Run Ever,126,Adventure,6.8,Peter Farrelly,Zac Efron,"19,649",
,,,,,,,,
784,Movie 43,94,Comedy,4.3,Elizabeth Banks,Emma Stone,"107,473",
,,,,,,,,
785,The Silencing,93,Action,6.2,Robin Pront,Nikolaj Coster-Waldau,"27,016",
,,,,,,,,
786,Quantum of Solace,106,Action,6.6,Marc Forster,Daniel Craig,"453,986",
,,,,,,,,
787,Knowing,121,Action,6.2,Alex Proyas,Nicolas Cage,"237,584",
,,,,,,,,
788,Hustlers,110,Comedy,6.3,Lorene Scafaria,Constance Wu,"102,479",
,,,,,,,,
789,Mortal Kombat,110,Action,6,Simon McQuoid,Lewis Tan,"177,281",
,,,,,,,,
790,Bumblebee,114,Action,6.7,Travis Knight,Hailee Steinfeld,"170,097",
,,,,,,,,
791,Tomb Raider,119,Action,6.3,Roar Uthaug,Alicia Vikander,"217,516",
,,,,,,,,
792,Greenland,119,Action,6.4,Ric Roman Waugh,Gerard Butler,"120,718",
,,,,,,,,
793,The Princess Diaries,115,Comedy,6.4,Garry Marshall,Julie Andrews,"150,720",
,,,,,,,,
794,Kiss Kiss Bang Bang,103,Comedy,7.5,Shane Black,Robert Downey Jr.,"229,853",
,,,,,,,,
795,Iron Man 2,124,Action,6.9,Jon Favreau,Robert Downey Jr.,"826,244",
,,,,,,,,
796,Zero Dark Thirty,157,Drama,7.4,Kathryn Bigelow,Jessica Chastain,"305,970",
,,,,,,,,
797,Pirates of the Caribbean: On Stranger Tides,136,Action,6.6,Rob Marshall,Johnny Depp,"534,953",
,,,,,,,,
798,Kantara,148,Action,8.3,Rishab Shetty,Rishab Shetty,"91,020",
,,,,,,,,
799,The Fault in Our Stars,126,Drama,7.7,Josh Boone,Shailene Woodley,"382,444",
,,,,,,,,
800,American Sniper,133,Action,7.3,Clint Eastwood,Bradley Cooper,"495,370",
,,,,,,,,
801,Venom: Let There Be Carnage,97,Action,5.9,Andy Serkis,Tom Hardy,"230,257",
,,,,,,,,
802,The Other Guys,107,Action,6.6,Adam McKay,Will Ferrell,"273,924",
,,,,,,,,
803,Toy Story 3,103,Animation,8.3,Lee Unkrich,Tom Hanks,"843,897",
,,,,,,,,
804,The Road,111,Drama,7.2,John Hillcoat,Viggo Mortensen,"242,979",
,,,,,,,,
805,Sicario: Day of the Soldado,122,Action,7,Stefano Sollima,Benicio Del Toro,"152,330",
,,,,,,,,
806,Antichrist,108,Drama,6.5,Lars von Trier,Willem Dafoe,"129,333",
,,,,,,,,
807,Charlie's Angels,118,Action,4.9,Elizabeth Banks,Kristen Stewart,"75,308",
,,,,,,,,
808,Persuasion,108,Drama,5.8,Carrie Cracknell,Richard E. Grant,"30,772",
,,,,,,,,
809,Through My Window,116,Comedy,5.4,Marçal Forés,Clara Galle,"11,771",
,,,,,,,,
810,Hidden,84,Horror,6.4,Matt Duffer,Alexander Skarsgård,"22,803",
,,,,,,,,
811,Midnight in Paris,94,Comedy,7.7,Woody Allen,Owen Wilson,"429,949",
,,,,,,,,
812,Alice in Wonderland,108,Adventure,6.4,Tim Burton,Mia Wasikowska,"420,918",
,,,,,,,,
813,Collateral,120,Action,7.5,Michael Mann,Tom Cruise,"411,064",
,,,,,,,,
814,Lightyear,105,Animation,6.1,Angus MacLane,Chris Evans,"109,175",
,,,,,,,,
815,American Made,115,Action,7.1,Doug Liman,Tom Cruise,"189,832",
,,,,,,,,
816,Limitless,105,Sci-Fi,7.4,Neil Burger,Bradley Cooper,"581,881",
,,,,,,,,
817,Jeepers Creepers,90,Horror,6.2,Victor Salva,Gina Philips,"132,754",
,,,,,,,,
818,Reminiscence,116,Mystery,5.9,Lisa Joy,Hugh Jackman,"58,040",
,,,,,,,,
819,District 9,112,Action,7.9,Neill Blomkamp,Sharlto Copley,"688,619",
,,,,,,,,
820,Pirates of the Caribbean: Dead Man's Chest,151,Action,7.3,Gore Verbinski,Johnny Depp,"727,670",
,,,,,,,,
821,The Rental,88,Drama,5.7,Dave Franco,Dan Stevens,"33,837",
,,,,,,,,
822,The Happening,91,Adventure,5,M. Night Shyamalan,Mark Wahlberg,"209,977",
,,,,,,,,
823,Piranha 3D,88,Comedy,5.5,Alexandre Aja,Elisabeth Shue,"93,050",
,,,,,,,,
824,RED,111,Action,7,Robert Schwentke,Bruce Willis,"312,840",
,,,,,,,,
825,Jumper,88,Action,6.1,Doug Liman,Hayden Christensen,"310,815",
,,,,,,,,
826,The Man from Toronto,110,Action,5.8,Patrick Hughes,Kevin Hart,"50,977",
,,,,,,,,
827,Cloudy with a Chance of Meatballs,90,Animation,6.9,Phil Lord,Anna Faris,"238,911",
,,,,,,,,
828,The Autopsy of Jane Doe,86,Horror,6.8,André Øvredal,Brian Cox,"122,835",
,,,,,,,,
829,The Lost Daughter,121,Drama,6.7,Maggie Gyllenhaal,Olivia Colman,"67,509",
,,,,,,,,
830,Enter the Void,161,Drama,7.2,Gaspar Noé,Nathaniel Brown,"82,530",
,,,,,,,,
831,Malignant,111,Crime,6.2,James Wan,Annabelle Wallis,"94,341",
,,,,,,,,
832,The Incredible Hulk,112,Action,6.6,Louis Leterrier,Edward Norton,"498,864",
,,,,,,,,
833,Emma.,124,Comedy,6.7,Autumn de Wilde,Anya Taylor-Joy,"56,522",
,,,,,,,,
834,The Command,117,Action,6.6,Thomas Vinterberg,Matthias Schoenaerts,"19,707",
,,,,,,,,
835,Cloverfield,85,Action,7,Matt Reeves,Mike Vogel,"404,519",
,,,,,,,,
836,Contagion,106,Drama,6.8,Steven Soderbergh,Matt Damon,"306,700",
,,,,,,,,
837,Lucy,89,Action,6.4,Luc Besson,Scarlett Johansson,"504,387",
,,,,,,,,
838,Men in Black II,88,Action,6.1,Barry Sonnenfeld,Tommy Lee Jones,"381,605",
,,,,,,,,
839,Cloud Atlas,172,Drama,7.4,Tom Tykwer,Tom Hanks,"365,342",
,,,,,,,,
840,Evil Dead,91,Horror,6.5,Fede Alvarez,Jane Levy,"176,691",
,,,,,,,,
841,Pitch Perfect 2,115,Comedy,6.4,Elizabeth Banks,Anna Kendrick,"160,531",
,,,,,,,,
842,Dallas Buyers Club,117,Biography,7.9,Jean-Marc Vallée,Matthew McConaughey,"494,593",
,,,,,,,,
843,Daddy Day Care,92,Comedy,5.6,Steve Carr,Eddie Murphy,"70,573",
,,,,,,,,
844,Those Who Wish Me Dead,100,Action,6,Taylor Sheridan,Angelina Jolie,"63,499",
,,,,,,,,
845,Man on Fire,146,Action,7.7,Tony Scott,Denzel Washington,"368,111",
,,,,,,,,
846,Mission: Impossible III,126,Action,6.9,J.J. Abrams,Tom Cruise,"362,148",
,,,,,,,,
847,Shortbus,101,Comedy,6.4,John Cameron Mitchell,Sook-Yin Lee,"34,199",
,,,,,,,,
848,Trolls,92,Animation,6.4,Mike Mitchell,Anna Kendrick,"84,351",
,,,,,,,,
849,"I, Tonya",119,Biography,7.5,Craig Gillespie,Margot Robbie,"222,714",
,,,,,,,,
850,Extraction,116,Action,6.7,Sam Hargrave,Chris Hemsworth,"208,258",
,,,,,,,,
851,Side Effects,106,Crime,7.1,Steven Soderbergh,Rooney Mara,"191,833",
,,,,,,,,
852,Chicago,113,Comedy,7.2,Rob Marshall,Renée Zellweger,"233,364",
,,,,,,,,
853,The Lego Movie,100,Animation,7.7,Phil Lord,Chris Pratt,"361,656",
,,,,,,,,
854,Molly's Game,140,Biography,7.4,Aaron Sorkin,Jessica Chastain,"176,457",
,,,,,,,,
855,Boyhood,165,Drama,7.9,Richard Linklater,Ellar Coltrane,"357,654",
,,,,,,,,
856,Finch,115,Adventure,6.9,Miguel Sapochnik,Tom Hanks,"85,694",
,,,,,,,,
857,Rocky Balboa,102,Action,7.1,Sylvester Stallone,Sylvester Stallone,"219,952",
,,,,,,,,
858,Raw,99,Drama,7,Julia Ducournau,Garance Marillier,"80,813",
,,,,,,,,
859,The Hate U Give,133,Crime,7.5,George Tillman Jr.,Amandla Stenberg,"37,455",
,,,,,,,,
860,Enemy,91,Drama,6.9,Denis Villeneuve,Jake Gyllenhaal,"198,574",
,,,,,,,,
861,Anna,118,Action,6.6,Luc Besson,Sasha Luss,"85,312",
,,,,,,,,
862,Venom,112,Action,6.6,Ruben Fleischer,Tom Hardy,"494,267",
,,,,,,,,
863,Five Feet Apart,116,Drama,7.2,Justin Baldoni,Haley Lu Richardson,"70,832",
,,,,,,,,
864,Flight,138,Drama,7.3,Robert Zemeckis,Denzel Washington,"359,281",
,,,,,,,,
865,Spy,120,Action,7,Paul Feig,Melissa McCarthy,"248,136",
,,,,,,,,
866,Holes,117,Adventure,7,Andrew Davis,Shia LaBeouf,"92,094",
,,,,,,,,
867,9 Songs,71,Drama,4.8,Michael Winterbottom,Kieran O'Brien,"23,091",
,,,,,,,,
868,Curiosa,107,Biography,5.4,Lou Jeunet,Noémie Merlant,"2,655",
,,,,,,,,
869,The Assassination of Jesse James by the Coward Robert Ford,160,Biography,7.5,Andrew Dominik,Brad Pitt,"185,034",
,,,,,,,,
870,Father of the Bride,117,Comedy,5.9,Gary Alazraki,Andy Garcia,"10,926",
,,,,,,,,
871,Talladega Nights: The Ballad of Ricky Bobby,108,Comedy,6.6,Adam McKay,Will Ferrell,"188,647",
,,,,,,,,
872,I Saw the Devil,144,Action,7.8,Jee-woon Kim,Lee Byung-hun,"134,054",
,,,,,,,,
873,Coraline,100,Animation,7.7,Henry Selick,Dakota Fanning,"236,996",
,,,,,,,,
874,ATM,90,Horror,4.7,David Brooks,Alice Eve,"24,337",
,,,,,,,,
875,The Wrong Missy,90,Comedy,5.7,Tyler Spindel,David Spade,"41,246",
,,,,,,,,
876,Shame,101,Drama,7.2,Steve McQueen,Michael Fassbender,"198,690",
,,,,,,,,
877,Chef,114,Adventure,7.3,Jon Favreau,Jon Favreau,"219,825",
,,,,,,,,
878,Jerry and Marge Go Large,96,Biography,6.9,David Frankel,Bryan Cranston,"14,755",
,,,,,,,,
879,The Amazing Spider-Man,136,Action,6.9,Marc Webb,Andrew Garfield,"663,926",
,,,,,,,,
880,Fractured,99,Thriller,6.4,Brad Anderson,Sam Worthington,"79,221",
,,,,,,,,
881,About Fate,103,Comedy,6.3,Marius Vaysberg,Emma Roberts,"7,147",
,,,,,,,,
882,28 Weeks Later,100,Action,6.9,Juan Carlos Fresnadillo,Jeremy Renner,"280,683",
,,,,,,,,
883,The Last Samurai,154,Action,7.8,Edward Zwick,Tom Cruise,"447,016",
,,,,,,,,
884,Searching,102,Drama,7.6,Aneesh Chaganty,John Cho,"166,979",
,,,,,,,,
885,Transformers: Age of Extinction,165,Action,5.6,Michael Bay,Mark Wahlberg,"318,065",
,,,,,,,,
886,We Can Be Heroes,100,Action,4.7,Robert Rodriguez,YaYa Gosselin,"15,503",
,,,,,,,,
887,Force Majeure,120,Comedy,7.2,Ruben Östlund,Johannes Kuhnke,"59,914",
,,,,,,,,
888,Looper,119,Action,7.4,Rian Johnson,Joseph Gordon-Levitt,"582,344",
,,,,,,,,
889,Wrong Turn,84,Horror,6.1,Rob Schmidt,Eliza Dushku,"123,573",
,,,,,,,,
890,The Midnight Sky,118,Adventure,5.6,George Clooney,George Clooney,"85,023",
,,,,,,,,
891,American Gangster,157,Biography,7.8,Ridley Scott,Denzel Washington,"431,739",
,,,,,,,,
892,The Count of Monte Cristo,131,Action,7.7,Kevin Reynolds,Jim Caviezel,"140,533",
,,,,,,,,
893,Leap Year,100,Comedy,6.4,Anand Tucker,Amy Adams,"106,635",
,,,,,,,,
894,The 355,122,Action,5.5,Simon Kinberg,Jessica Chastain,"31,362",
,,,,,,,,
895,Flushed Away,85,Animation,6.6,David Bowers,Hugh Jackman,"129,729",
,,,,,,,,
896,Daredevil,103,Action,5.3,Mark Steven Johnson,Ben Affleck,"222,559",
,,,,,,,,
897,Bad Boys II,147,Action,6.6,Michael Bay,Will Smith,"255,459",
,,,,,,,,
898,Shaun of the Dead,99,Comedy,7.9,Edgar Wright,Simon Pegg,"564,800",
,,,,,,,,
899,Queen of Hearts,127,Drama,7.1,May el-Toukhy,Trine Dyrholm,"12,215",
,,,,,,,,
900,School of Rock,109,Comedy,7.2,Richard Linklater,Jack Black,"311,880",
,,,,,,,,
901,Lincoln,150,Biography,7.3,Steven Spielberg,Daniel Day-Lewis,"263,529",
,,,,,,,,
902,Capernaum,126,Drama,8.4,Nadine Labaki,Zain Al Rafeea,"92,410",
,,,,,,,,
903,Gravity,91,Drama,7.7,Alfonso Cuarón,Sandra Bullock,"833,803",
,,,,,,,,
904,The Twilight Saga: Breaking Dawn - Part 2,115,Adventure,5.5,Bill Condon,Kristen Stewart,"252,415",
,,,,,,,,
905,A Simple Favor,117,Comedy,6.8,Paul Feig,Anna Kendrick,"152,397",
,,,,,,,,
906,Climax,97,Drama,6.9,Gaspar Noé,Sofia Boutella,"71,422",
,,,,,,,,
907,Snowpiercer,126,Action,7.1,Bong Joon Ho,Chris Evans,"366,826",
,,,,,,,,
908,Star Wars: Episode II - Attack of the Clones,142,Action,6.6,George Lucas,Hayden Christensen,"719,506",
,,,,,,,,
909,Luck,105,Animation,6.4,Peggy Holmes,Eva Noblezada,"20,929",
,,,,,,,,
910,Scary Movie 2,83,Comedy,5.3,Keenen Ivory Wayans,Anna Faris,"165,189",
,,,,,,,,
911,The Dictator,83,Comedy,6.4,Larry Charles,Sacha Baron Cohen,"313,766",
,,,,,,,,
912,Hairspray,117,Comedy,6.7,Adam Shankman,John Travolta,"132,948",
,,,,,,,,
913,The Gift,108,Drama,7,Joel Edgerton,Jason Bateman,"161,849",
,,,,,,,,
914,Broker,129,Comedy,7.1,Hirokazu Koreeda,Song Kang-ho,"8,764",
,,,,,,,,
915,Lone Survivor,121,Action,7.5,Peter Berg,Mark Wahlberg,"292,196",
,,,,,,,,
916,Midway,138,Action,6.7,Roland Emmerich,Ed Skrein,"87,985",
,,,,,,,,
917,Sucker Punch,110,Action,6,Zack Snyder,Emily Browning,"245,218",
,,,,,,,,
918,The Post,116,Biography,7.2,Steven Spielberg,Meryl Streep,"154,243",
,,,,,,,,
919,The Green Knight,130,Adventure,6.6,David Lowery,Dev Patel,"103,977",
,,,,,,,,
920,Godzilla,123,Action,6.4,Gareth Edwards,Aaron Taylor-Johnson,"418,680",
,,,,,,,,
921,Olympus Has Fallen,119,Action,6.5,Antoine Fuqua,Gerard Butler,"280,641",
,,,,,,,,
922,Safe Haven,115,Drama,6.6,Lasse Hallström,Julianne Hough,"112,380",
,,,,,,,,
923,Melancholia,135,Drama,7.1,Lars von Trier,Kirsten Dunst,"186,114",
,,,,,,,,
924,Luca,95,Animation,7.4,Enrico Casarosa,Jacob Tremblay,"168,167",
,,,,,,,,
925,Life of Pi,127,Adventure,7.9,Ang Lee,Suraj Sharma,"638,226",
,,,,,,,,
926,The Machinist,101,Drama,7.7,Brad Anderson,Christian Bale,"396,169",
,,,,,,,,
927,Logan Lucky,118,Action,7,Steven Soderbergh,Channing Tatum,"153,202",
,,,,,,,,
928,"Confess, Fletch",98,Comedy,6.5,Greg Mottola,Jon Hamm,"11,188",
,,,,,,,,
929,Greyhound,91,Action,7,Aaron Schneider,Tom Hanks,"100,490",
,,,,,,,,
930,Pacific Rim,131,Action,6.9,Guillermo del Toro,Idris Elba,"508,074",
,,,,,,,,
931,Kate,106,Action,6.2,Cedric Nicolas-Troyan,Mary Elizabeth Winstead,"63,966",
,,,,,,,,
932,Arctic,98,Adventure,6.8,Joe Penna,Mads Mikkelsen,"54,429",
,,,,,,,,
933,Coach Carter,136,Biography,7.3,Thomas Carter,Samuel L. Jackson,"154,971",
,,,,,,,,
934,Layer Cake,105,Action,7.3,Matthew Vaughn,Daniel Craig,"185,993",
,,,,,,,,
935,13 Going on 30,98,Comedy,6.2,Gary Winick,Jennifer Garner,"197,670",
,,,,,,,,
936,Hunter Killer,121,Action,6.6,Donovan Marsh,Gerard Butler,"65,687",
,,,,,,,,
937,Kung Fu Panda 3,95,Animation,7.1,Alessandro Carloni,Jack Black,"164,933",
,,,,,,,,
938,Slumdog Millionaire,120,Crime,8,Danny Boyle,Dev Patel,"851,891",
,,,,,,,,
939,Me Time,101,Comedy,5.1,John Hamburg,Kevin Hart,"35,001",
,,,,,,,,
940,Mr. & Mrs. Smith,120,Action,6.5,Doug Liman,Brad Pitt,"504,648",
,,,,,,,,
941,The Conjuring 2,134,Horror,7.3,James Wan,Vera Farmiga,"276,658",
,,,,,,,,
942,Trespass,91,Crime,5.3,Joel Schumacher,Nicolas Cage,"44,031",
,,,,,,,,
943,Spanglish,131,Comedy,6.4,James L. Brooks,Adam Sandler,"85,518",
,,,,,,,,
944,Shot Caller,121,Crime,7.3,Ric Roman Waugh,Nikolaj Coster-Waldau,"89,085",
,,,,,,,,
945,Ice Age,81,Animation,7.5,Chris Wedge,Denis Leary,"490,118",
,,,,,,,,
946,Booksmart,102,Comedy,7.1,Olivia Wilde,Kaitlyn Dever,"122,303",
,,,,,,,,
947,Fallen,91,Drama,5.2,Scott Hicks,Leo Suter,"15,225",
,,,,,,,,
948,The Conjuring: The Devil Made Me Do It,112,Horror,6.3,Michael Chaves,Patrick Wilson,"119,859",
,,,,,,,,
949,The Book of Eli,118,Action,6.8,Albert Hughes,Denzel Washington,"323,116",
,,,,,,,,
950,Jungle Cruise,127,Action,6.6,Jaume Collet-Serra,Dwayne Johnson,"195,465",
,,,,,,,,
951,Sinister,110,Horror,6.8,Scott Derrickson,Ethan Hawke,"258,719",
,,,,,,,,
952,Madagascar,86,Animation,6.9,Eric Darnell,Chris Rock,"411,302",
,,,,,,,,
953,True Grit,110,Drama,7.6,Ethan Coen,Jeff Bridges,"343,650",
,,,,,,,,
954,The Wandering Earth,125,Action,5.9,Frant Gwo,Jing Wu,"32,665",
,,,,,,,,
955,Rush,123,Action,8.1,Ron Howard,Daniel Brühl,"485,244",
,,,,,,,,
956,The Peanut Butter Falcon,97,Adventure,7.6,Tyler Nilson,Zack Gottsagen,"92,377",
,,,,,,,,
957,Before Midnight,109,Drama,7.9,Richard Linklater,Ethan Hawke,"161,707",
,,,,,,,,
958,Raya and the Last Dragon,107,Animation,7.3,Don Hall,Kelly Marie Tran,"155,787",
,,,,,,,,
959,The Lincoln Lawyer,118,Crime,7.3,Brad Furman,Matthew McConaughey,"242,101",
,,,,,,,,
960,Pokémon: Detective Pikachu,104,Action,6.5,Rob Letterman,Ryan Reynolds,"167,126",
,,,,,,,,
961,War Dogs,114,Biography,7.1,Todd Phillips,Jonah Hill,"226,238",
,,,,,,,,
962,Lilo & Stitch,85,Animation,7.3,Dean DeBlois,Daveigh Chase,"195,506",
,,,,,,,,
963,Godzilla: King of the Monsters,132,Action,6,Michael Dougherty,Kyle Chandler,"186,853",
,,,,,,,,
964,Ava,96,Action,5.4,Tate Taylor,Jessica Chastain,"57,907",
,,,,,,,,
965,Things Heard & Seen,121,Drama,5.3,Shari Springer Berman,Amanda Seyfried,"32,740",
,,,,,,,,
966,Spy Kids,88,Action,5.6,Robert Rodriguez,Alexa PenaVega,"120,146",
,,,,,,,,
967,Savages,131,Action,6.4,Oliver Stone,Aaron Taylor-Johnson,"131,620",
,,,,,,,,
968,A Cure for Wellness,146,Drama,6.4,Gore Verbinski,Dane DeHaan,"101,873",
,,,,,,,,
969,Sunshine,107,Sci-Fi,7.2,Danny Boyle,Cillian Murphy,"254,184",
,,,,,,,,
970,The Family,111,Comedy,6.3,Luc Besson,Robert De Niro,"118,525",
,,,,,,,,
971,Wrong Turn,109,Horror,5.5,Mike P. Nelson,Charlotte Vega,"32,492",
,,,,,,,,
972,Soft & Quiet,91,Drama,6.3,Beth de Araújo,Stefanie Estes,"3,283",
,,,,,,,,
973,Million Dollar Baby,132,Drama,8.1,Clint Eastwood,Hilary Swank,"693,009",
,,,,,,,,
974,Escape Room,99,Action,6.4,Adam Robitel,Taylor Russell,"126,561",
,,,,,,,,
975,Bhediya,156,Comedy,7.3,Amar Kaushik,Varun Dhawan,"14,500",
,,,,,,,,
976,The Mummy: Tomb of the Dragon Emperor,112,Action,5.2,Rob Cohen,Brendan Fraser,"163,933",
,,,,,,,,
977,Clerks III,100,Comedy,6.3,Kevin Smith,Brian O'Halloran,"11,777",
,,,,,,,,
978,42,128,Biography,7.5,Brian Helgeland,Chadwick Boseman,"97,301",
,,,,,,,,
979,Spider-Man 3,139,Action,6.3,Sam Raimi,Tobey Maguire,"599,005",
,,,,,,,,
980,The Hurt Locker,131,Drama,7.5,Kathryn Bigelow,Jeremy Renner,"456,773",
,,,,,,,,
981,Boiling Point,92,Drama,7.5,Philip Barantini,Stephen Graham,"30,753",
,,,,,,,,
982,Red Dragon,124,Crime,7.2,Brett Ratner,Anthony Hopkins,"277,929",
,,,,,,,,
983,Downsizing,135,Drama,5.8,Alexander Payne,Matt Damon,"113,830",
,,,,,,,,
984,Thor: The Dark World,112,Action,6.8,Alan Taylor,Chris Hemsworth,"690,797",
,,,,,,,,
985,"tick, tick... BOOM!",120,Biography,7.5,Lin-Manuel Miranda,Andrew Garfield,"108,998",
,,,,,,,,
986,The Kid Detective,100,Comedy,7,Evan Morgan,Kaitlyn Chalmers-Rizzato,"19,999",
,,,,,,,,
987,The Dead Don't Die,104,Comedy,5.4,Jim Jarmusch,Bill Murray,"80,690",
,,,,,,,,
988,Below Her Mouth,94,Drama,5.5,April Mullen,Erika Linder,"13,050",
,,,,,,,,
989,Shrek the Third,93,Animation,6.1,Chris Miller,Mike Myers,"313,739",
,,,,,,,,
990,Incredibles 2,118,Animation,7.6,Brad Bird,Craig T. Nelson,"303,061",
,,,,,,,,
991,My Big Fat Greek Wedding,95,Comedy,6.6,Joel Zwick,Nia Vardalos,"135,013",
,,,,,,,,
992,Upgrade,100,Action,7.5,Leigh Whannell,Logan Marshall-Green,"189,674",
,,,,,,,,
993,Haunt,92,Horror,6.3,Scott Beck,Katie Stevens,"30,974",
,,,,,,,,
994,Hitman's Wife's Bodyguard,100,Action,6.1,Patrick Hughes,Ryan Reynolds,"96,399",
,,,,,,,,
995,Sex Tape,94,Comedy,5.1,Jake Kasdan,Jason Segel,"114,196",
,,,,,,,,
996,Hostiles,134,Drama,7.2,Scott Cooper,Scott Shepherd,"88,206",
,,,,,,,,
997,The Neon Demon,117,Horror,6.1,Nicolas Winding Refn,Elle Fanning,"98,127",
,,,,,,,,
998,In the Shadow of the Moon,115,Action,6.2,Jim Mickle,Boyd Holbrook,"55,090",
,,,,,,,,
999,Black Snake Moan,116,Drama,6.9,Craig Brewer,Christina Ricci,"64,722",
,,,,,,,,
1000,Sonic the Hedgehog,99,Action,6.5,Jeff Fowler,Ben Schwartz,"143,291",
